,FAM_N,internet,agua,banco,iglesia,dejar_hijos,cuantas_personas,tiempo_casa,primer_hijo,cuantas_trabajan,tiempo_trabajan,pierden_colegio,ingreso,bautizadas,DIRECCION,PADRE,MADRE,F,M,NINOS,MAYORES
0,792.0,1.0,0.0,1.0,0.0,0.0,8.0,50.0,20.0,3.0,0.5,,2000.0,6.0,OTRO CASO,0.0,1.0,5.0,4.0,3.0,0.0
1,791.0,0.0,1.0,1.0,0.0,1.0,10.0,20.0,19.0,2.0,1.0,,2000.0,10.0,OTRO CASO,0.0,1.0,2.0,4.0,5.0,0.0
2,790.0,1.0,1.0,1.0,1.0,,3.0,15.0,,1.0,1.5,,1800.0,3.0,OTRO CASO,1.0,0.0,2.0,1.0,0.0,0.0
3,793.0,0.0,1.0,1.0,1.0,1.0,6.0,0.3,21.0,3.0,1.5,,1200.0,3.0,OTRO CASO,1.0,1.0,3.0,3.0,2.0,0.0
4,234.0,0.0,1.0,0.0,1.0,1.0,3.0,18.0,21.0,1.0,1.0,,400.0,2.0,OTRO CASO,0.0,1.0,3.0,0.0,2.0,0.0
5,794.0,0.0,0.0,0.0,1.0,0.0,4.0,3.0,20.0,1.0,2.0,2.0,900.0,0.0,OTRO CASO,1.0,1.0,2.0,2.0,2.0,0.0
6,795.0,0.0,1.0,0.0,1.0,1.0,5.0,4.0,18.0,1.0,1.0,3.0,400.0,2.0,OTRO CASO,0.0,1.0,2.0,3.0,3.0,0.0
7,796.0,0.0,1.0,0.0,1.0,1.0,6.0,18.0,17.0,1.0,1.0,2.0,500.0,4.0,OTRO CASO,0.0,1.0,2.0,4.0,5.0,0.0
8,797.0,0.0,1.0,0.0,0.0,,1.0,18.0,25.0,,,,,1.0,OTRO CASO,0.0,1.0,1.0,0.0,0.0,0.0
9,798.0,0.0,1.0,0.0,1.0,,4.0,30.0,22.0,1.0,2.0,,600.0,4.0,OTRO CASO,1.0,1.0,2.0,2.0,0.0,0.0
10,799.0,0.0,1.0,0.0,1.0,0.0,4.0,2.0,19.0,2.0,1.0,,700.0,,OTRO CASO,1.0,1.0,3.0,1.0,2.0,0.0
11,800.0,0.0,1.0,0.0,1.0,,1.0,1.0,,1.0,,,300.0,1.0,OTRO CASO,0.0,1.0,2.0,0.0,0.0,1.0
12,225.0,0.0,1.0,0.0,1.0,0.0,8.0,25.0,18.0,1.0,2.5,0.0,800.0,8.0,MANUEL SCORZA,1.0,1.0,3.0,1.0,2.0,0.0
13,226.0,0.0,1.0,0.0,1.0,0.0,6.0,19.0,17.0,1.0,3.0,0.0,800.0,6.0,MANUEL SCORZA,1.0,1.0,1.0,3.0,2.0,0.0
14,227.0,0.0,1.0,0.0,1.0,0.0,3.0,25.0,33.0,1.0,2.0,0.0,800.0,3.0,MANUEL SCORZA,0.0,1.0,2.0,0.0,1.0,0.0
15,228.0,0.0,1.0,0.0,1.0,0.0,3.0,27.0,20.0,2.0,1.0,,,3.0,MANUEL SCORZA,1.0,1.0,1.0,1.0,0.0,0.0
16,229.0,0.0,1.0,0.0,1.0,0.0,11.0,29.0,18.0,2.0,1.5,,1500.0,2.0,MANUEL SCORZA,1.0,1.0,5.0,3.0,6.0,0.0
17,230.0,0.0,1.0,0.0,1.0,,2.0,30.0,,,,,250.0,2.0,MANUEL SCORZA,1.0,1.0,1.0,1.0,0.0,0.0
18,231.0,0.0,1.0,0.0,1.0,0.0,5.0,30.0,18.0,1.0,,,,5.0,MANUEL SCORZA,1.0,1.0,3.0,2.0,1.0,2.0
19,232.0,0.0,1.0,0.0,1.0,0.0,8.0,44.0,25.0,1.0,,,500.0,4.0,MANUEL SCORZA,1.0,1.0,1.0,3.0,2.0,0.0
20,233.0,0.0,1.0,0.0,1.0,0.0,7.0,30.0,29.0,1.0,,,800.0,5.0,MANUEL SCORZA,1.0,1.0,1.0,4.0,3.0,0.0
21,1.0,,,,,,8.0,18.0,27.0,2.0,1.0,2.0,900.0,,MINAS 2000,1.0,1.0,6.0,2.0,2.0,0.0
22,2.0,0.0,1.0,0.0,1.0,1.0,4.0,15.0,25.0,1.0,1.0,10.0,400.0,,TOMAS DE MINAS,1.0,1.0,1.0,3.0,2.0,0.0
23,3.0,1.0,1.0,0.0,1.0,0.0,3.0,18.0,19.0,1.0,,,500.0,2.0,MINAS 2000,0.0,1.0,1.0,2.0,1.0,0.0
24,4.0,0.0,1.0,0.0,1.0,0.0,5.0,13.0,20.0,,,,,,LOMAS DE MINAS,0.0,1.0,3.0,2.0,3.0,0.0
25,5.0,0.0,0.0,1.0,0.0,1.0,8.0,3.0,17.0,1.0,,1.0,930.0,3.0,CERRO VERDE,0.0,1.0,5.0,3.0,6.0,0.0
26,6.0,0.0,1.0,0.0,0.0,1.0,6.0,,,1.0,,,930.0,0.0,AMPUACION MINAS,1.0,1.0,3.0,3.0,4.0,0.0
27,7.0,1.0,1.0,0.0,1.0,0.0,7.0,,,1.0,1.0,,600.0,0.0,MINAS 2000,1.0,1.0,1.0,1.0,0.0,0.0
28,,0.0,1.0,0.0,1.0,1.0,3.0,15.0,20.0,1.0,1.0,4.0,400.0,2.0,,,,,,,
29,9.0,1.0,1.0,0.0,1.0,0.0,8.0,15.0,22.0,2.0,2.0,1.0,800.0,1.0,ALTO PROGRESO,1.0,1.0,4.0,4.0,5.0,0.0
30,10.0,0.0,1.0,0.0,1.0,0.0,6.0,10.0,20.0,1.0,1.5,,700.0,,TOMAS DE MINAS,1.0,1.0,2.0,4.0,4.0,0.0
31,11.0,0.0,1.0,0.0,0.0,1.0,6.0,13.0,20.0,1.0,3.0,10.0,800.0,,MINAS 2000,1.0,1.0,2.0,4.0,4.0,0.0
32,12.0,1.0,1.0,0.0,0.0,1.0,4.0,10.0,21.0,2.0,1.0,2.0,900.0,4.0,MINAS 2000,1.0,1.0,2.0,2.0,2.0,0.0
33,13.0,0.0,1.0,1.0,0.0,1.0,7.0,12.0,17.0,2.0,2.0,3.0,,,EMILLO PONCE HUANAY,1.0,1.0,5.0,2.0,3.0,0.0
34,14.0,0.0,1.0,0.0,0.0,1.0,5.0,10.0,,1.0,1.0,2.0,,,VALLE 2000,1.0,1.0,2.0,3.0,3.0,0.0
35,15.0,0.0,1.0,0.0,1.0,1.0,6.0,17.0,25.0,1.0,2.0,5.0,,2.0,MINAS 2000,1.0,1.0,1.0,4.0,4.0,0.0
36,16.0,0.0,1.0,1.0,0.0,0.0,7.0,15.0,25.0,2.0,1.0,2.0,900.0,2.0,MINAS 2000,1.0,0.0,4.0,3.0,1.0,0.0
37,17.0,0.0,1.0,0.0,1.0,1.0,4.0,10.0,18.0,1.0,1.0,5.0,500.0,,MINAS 2000,0.0,1.0,2.0,2.0,3.0,0.0
38,18.0,0.0,1.0,1.0,1.0,0.0,4.0,10.0,,1.0,1.0,1.5,850.0,,MINAS 2000,1.0,1.0,2.0,2.0,1.0,0.0
39,19.0,0.0,1.0,0.0,1.0,0.0,6.0,13.0,,4.0,1.0,,,,MINAS 2000,1.0,1.0,3.0,3.0,2.0,0.0
40,20.0,0.0,1.0,0.0,1.0,0.0,3.0,18.0,23.0,1.0,0.5,1.0,600.0,2.0,MINAS 2000,0.0,1.0,3.0,0.0,1.0,0.0
41,94.0,0.0,0.0,0.0,1.0,1.0,7.0,12.0,23.0,3.0,1.0,0.0,680.0,4.0,LOMAS DE MINAS,0.0,1.0,4.0,2.0,4.0,0.0
42,95.0,0.0,1.0,0.0,1.0,0.0,4.0,13.0,23.0,1.0,0.0,,500.0,3.0,LOMAS DE MINAS,1.0,1.0,2.0,2.0,2.0,0.0
43,96.0,0.0,1.0,0.0,1.0,0.0,4.0,10.0,19.0,1.0,0.0,2.0,550.0,2.0,LOMAS DE MINAS,1.0,1.0,2.0,2.0,2.0,0.0
44,97.0,0.0,1.0,0.0,1.0,0.0,5.0,9.0,23.0,1.0,0.0,0.0,700.0,4.0,LOMAS DE MINAS,1.0,1.0,4.0,1.0,3.0,0.0
45,98.0,0.0,1.0,0.0,1.0,0.0,4.0,18.0,20.0,1.0,1.0,2.0,550.0,1.0,LOMAS DE MINAS,1.0,1.0,1.0,3.0,2.0,0.0
46,99.0,0.0,0.0,0.0,1.0,0.0,5.0,10.0,29.0,1.0,,,,4.0,LOMAS DE MINAS,1.0,1.0,2.0,3.0,3.0,0.0
47,100.0,0.0,1.0,0.0,0.0,0.0,6.0,18.0,19.0,1.0,0.0,5.0,520.0,1.0,LOMAS DE MINAS,1.0,1.0,4.0,2.0,4.0,0.0
48,101.0,0.0,1.0,0.0,1.0,1.0,5.0,18.0,18.0,1.0,2.0,0.0,650.0,3.0,LOMAS DE MINAS,1.0,1.0,3.0,2.0,3.0,0.0
49,102.0,0.0,1.0,0.0,0.0,1.0,2.0,18.0,20.0,3.0,1.0,0.0,600.0,1.0,LOMAS DE MINAS,0.0,1.0,2.0,1.0,2.0,0.0
50,103.0,0.0,1.0,0.0,1.0,0.0,5.0,18.0,20.0,2.0,1.0,0.0,650.0,2.0,LOMAS DE MINAS,1.0,1.0,1.0,4.0,2.0,0.0
51,164.0,1.0,1.0,0.0,1.0,0.0,3.0,18.0,20.0,1.0,2.5,1.0,950.0,,NUEVA RINCONADA,0.0,1.0,2.0,0.0,1.0,0.0
52,165.0,0.0,1.0,0.0,1.0,1.0,4.0,18.0,24.0,1.0,2.0,8.0,950.0,,NUEVA RINCONADA,1.0,1.0,2.0,2.0,2.0,0.0
53,166.0,0.0,1.0,0.0,1.0,1.0,4.0,18.0,22.0,1.0,2.0,2.0,850.0,2.0,NUEVA RINCONADA,1.0,1.0,3.0,1.0,2.0,0.0
54,167.0,1.0,1.0,0.0,1.0,0.0,4.0,18.0,32.0,1.0,2.5,,950.0,3.0,NUEVA RINCONADA,1.0,1.0,2.0,1.0,1.0,0.0
55,168.0,0.0,1.0,0.0,1.0,0.0,4.0,18.0,,1.0,1.0,,850.0,,NUEVA RINCONADA,0.0,1.0,2.0,1.0,2.0,0.0
56,169.0,1.0,1.0,0.0,,1.0,2.0,18.0,23.0,1.0,,2.0,850.0,,NUEVA RINCONADA,0.0,1.0,1.0,1.0,1.0,0.0
57,662.0,0.0,1.0,0.0,1.0,1.0,5.0,5.0,22.0,1.0,2.0,10.0,1400.0,0.0,17 DE MARZO,1.0,1.0,4.0,1.0,3.0,0.0
58,663.0,0.0,1.0,0.0,1.0,0.0,6.0,5.0,21.0,1.0,,3.0,,1.0,17 DE MARZO,1.0,1.0,2.0,4.0,4.0,0.0
59,664.0,0.0,1.0,0.0,1.0,0.0,6.0,5.0,17.0,1.0,3.0,,,3.0,17 DE MARZO,1.0,1.0,2.0,4.0,3.0,0.0
60,665.0,0.0,1.0,0.0,1.0,0.0,10.0,5.0,19.0,1.0,3.0,,200.0,2.0,17 DE MARZO,1.0,1.0,5.0,5.0,8.0,0.0
61,666.0,0.0,1.0,0.0,1.0,0.0,4.0,3.0,24.0,1.0,2.0,,200.0,,17 DE MARZO,0.0,1.0,3.0,4.0,3.0,0.0
62,250.0,0.0,1.0,0.0,1.0,1.0,4.0,33.0,23.0,2.0,1.0,2.0,500.0,4.0,ALTOS DE MANUEL,0.0,1.0,1.0,3.0,2.0,0.0
63,251.0,0.0,1.0,0.0,1.0,1.0,4.0,30.0,18.0,1.0,1.0,2.0,500.0,2.0,ALTOS DE MANUEL,0.0,1.0,2.0,2.0,3.0,0.0
64,252.0,0.0,0.0,0.0,1.0,1.0,3.0,6.0,31.0,1.0,1.0,0.0,700.0,3.0,UNION Y PAZ,0.0,1.0,3.0,0.0,2.0,0.0
65,253.0,0.0,0.0,0.0,1.0,1.0,4.0,25.0,37.0,2.0,1.0,0.0,600.0,4.0,UNION Y PAZ,0.0,1.0,2.0,2.0,3.0,0.0
66,647.0,0.0,1.0,0.0,1.0,0.0,5.0,2.0,23.0,1.0,1.5,,750.0,2.0,CERRO AZUL - NUEVA RINCONADA,0.0,1.0,3.0,2.0,3.0,0.0
67,648.0,0.0,0.0,0.0,1.0,0.0,4.0,3.0,23.0,1.0,2.0,1.0,750.0,2.0,CERRO AZUL - NUEVA RINCONADA,1.0,1.0,3.0,1.0,2.0,0.0
68,649.0,0.0,0.0,0.0,1.0,1.0,6.0,2.0,18.0,7.0,1.5,,750.0,5.0,CERRO AZUL - NUEVA RINCONADA,1.0,1.0,4.0,2.0,4.0,0.0
69,650.0,0.0,0.0,0.0,1.0,0.0,4.0,3.0,17.0,1.0,3.0,,1000.0,2.0,CERRO AZUL - NUEVA RINCONADA,1.0,1.0,1.0,3.0,2.0,0.0
70,651.0,0.0,0.0,0.0,1.0,1.0,5.0,4.0,20.0,0.0,,3.0,0.0,1.0,CERRO AZUL - NUEVA RINCONADA,0.0,1.0,3.0,2.0,4.0,0.0
71,652.0,0.0,0.0,0.0,1.0,0.0,3.0,5.0,25.0,1.0,0.5,,500.0,2.0,CERRO AZUL - NUEVA RINCONADA,1.0,1.0,2.0,1.0,1.0,0.0
72,618.0,0.0,1.0,0.0,0.0,1.0,4.0,7.0,23.0,,,3.0,,1.0,FRONTERAS UNIDAS,0.0,1.0,2.0,2.0,3.0,0.0
73,619.0,0.0,0.0,0.0,0.0,1.0,6.0,5.0,19.0,,,3.0,,1.0,FRONTERAS UNIDAS,0.0,1.0,4.0,1.0,4.0,0.0
74,620.0,0.0,0.0,0.0,1.0,0.0,4.0,7.0,25.0,,,2.0,,2.0,FRONTERAS UNIDAS,0.0,1.0,2.0,1.0,2.0,0.0
75,621.0,0.0,0.0,0.0,0.0,0.0,7.0,7.0,15.0,,,2.0,,0.0,FRONTERAS UNIDAS,0.0,1.0,3.0,2.0,4.0,0.0
76,622.0,0.0,0.0,0.0,1.0,0.0,4.0,3.0,17.0,,,,,2.0,FRONTERAS UNIDAS,0.0,1.0,1.0,1.0,1.0,0.0
77,623.0,0.0,1.0,0.0,1.0,0.0,5.0,7.0,20.0,,,5.0,,3.0,FRONTERAS UNIDAS,0.0,1.0,2.0,2.0,3.0,0.0
78,189.0,0.0,1.0,0.0,1.0,1.0,4.0,20.0,19.0,1.0,1.0,2.0,650.0,1.0,CASA HUERTA,1.0,1.0,2.0,3.0,2.0,0.0
79,190.0,0.0,1.0,0.0,1.0,1.0,5.0,20.0,20.0,1.0,0.7,2.0,750.0,4.0,LOS SAUCES,1.0,1.0,5.0,1.0,3.0,0.0
80,191.0,0.0,0.0,0.0,1.0,1.0,6.0,15.0,18.0,1.0,0.5,1.0,650.0,2.0,LOS SAUCES,1.0,1.0,2.0,4.0,2.0,0.0
81,192.0,0.0,1.0,0.0,1.0,1.0,4.0,8.0,26.0,1.0,1.0,0.0,700.0,0.0,LOS SAUCES,1.0,1.0,3.0,1.0,2.0,0.0
82,193.0,0.0,0.0,0.0,1.0,0.0,1.0,30.0,0.0,1.0,0.5,0.0,400.0,1.0,LOS SAUCES,1.0,0.0,0.0,1.0,0.0,0.0
83,194.0,0.0,1.0,0.0,1.0,1.0,4.0,20.0,21.0,1.0,1.0,2.0,650.0,0.0,LOS SAUCES,1.0,1.0,3.0,1.0,2.0,0.0
84,195.0,0.0,0.0,0.0,1.0,1.0,4.0,18.0,17.0,1.0,1.0,3.0,700.0,0.0,LOS SAUCES,0.0,1.0,2.0,2.0,3.0,0.0
85,196.0,0.0,0.0,0.0,1.0,1.0,3.0,18.0,26.0,1.0,0.5,2.0,650.0,3.0,LOS SAUCES,1.0,1.0,2.0,2.0,2.0,0.0
86,361.0,0.0,1.0,0.0,1.0,0.0,7.0,11.0,20.0,1.0,,1.5,,5.0,REPUBLICA DEMOCRATICA ALEMANA,1.0,1.0,1.0,6.0,5.0,0.0
87,362.0,0.0,1.0,0.0,1.0,0.0,4.0,4.0,15.0,1.0,,,,,REPUBLICA DEMOCRATICA ALEMANA,1.0,1.0,3.0,1.0,2.0,0.0
88,327.0,1.0,1.0,0.0,0.0,0.0,6.0,6.0,19.0,2.0,1.0,1.0,800.0,5.0,NUEVA ALBORADA,0.0,1.0,3.0,3.0,3.0,0.0
89,328.0,1.0,1.0,0.0,1.0,1.0,3.0,4.0,25.0,1.0,1.5,4.0,700.0,0.0,NUEVA ALBORADA,0.0,1.0,3.0,0.0,2.0,0.0
90,329.0,0.0,0.0,0.0,1.0,0.0,5.0,4.0,17.0,2.0,1.0,,800.0,2.0,NUEVA ALBORADA,0.0,1.0,3.0,0.0,0.0,0.0
91,330.0,1.0,0.0,0.0,1.0,0.0,3.0,1.0,25.0,1.0,,,1000.0,,NUEVA ALBORADA,1.0,0.0,0.0,2.0,1.0,0.0
92,331.0,1.0,1.0,0.0,1.0,0.0,4.0,6.0,18.0,2.0,2.0,2.0,1000.0,1.0,NUEVA ALBORADA,1.0,1.0,3.0,1.0,2.0,0.0
93,332.0,1.0,1.0,0.0,1.0,0.0,5.0,6.0,28.0,1.0,1.5,1.0,1200.0,2.0,NUEVA ALBORADA,1.0,1.0,1.0,3.0,2.0,0.0
94,333.0,1.0,1.0,0.0,0.0,1.0,5.0,6.0,20.0,2.0,2.0,2.0,1000.0,,NUEVA ALBORADA,1.0,1.0,3.0,2.0,2.0,0.0
95,334.0,0.0,1.0,0.0,0.0,1.0,5.0,3.0,23.0,1.0,1.5,,1200.0,1.0,NUEVA ALBORADA,1.0,1.0,3.0,2.0,3.0,0.0
96,335.0,1.0,1.0,0.0,0.0,1.0,5.0,5.0,17.0,2.0,1.5,2.0,900.0,0.0,NUEVA ALBORADA,1.0,1.0,2.0,3.0,3.0,0.0
97,336.0,0.0,1.0,0.0,1.0,0.0,2.0,5.0,34.0,1.0,30.0,2.0,500.0,1.0,NUEVA ALBORADA,0.0,1.0,2.0,0.0,1.0,0.0
98,170.0,0.0,0.0,0.0,1.0,0.0,4.0,11.0,18.0,2.0,1.0,2.0,800.0,3.0,CASA HUERTA,0.0,1.0,2.0,2.0,2.0,0.0
99,171.0,0.0,0.0,0.0,1.0,1.0,5.0,18.0,25.0,2.0,,,200.0,4.0,CASA HUERTA,1.0,1.0,4.0,1.0,2.0,0.0
100,172.0,0.0,0.0,0.0,1.0,0.0,6.0,20.0,18.0,1.0,0.6,1.0,220.0,,CASA HUERTA,1.0,1.0,4.0,1.0,3.0,0.0
101,173.0,0.0,0.0,0.0,1.0,1.0,6.0,20.0,18.0,1.0,1.0,,,6.0,CASA HUERTA,1.0,1.0,3.0,2.0,2.0,0.0
102,174.0,0.0,1.0,0.0,1.0,1.0,4.0,6.0,23.0,1.0,1.0,,200.0,3.0,CASA HUERTA,1.0,1.0,3.0,1.0,2.0,0.0
103,175.0,0.0,0.0,0.0,1.0,0.0,7.0,22.0,21.0,1.0,1.0,,100.0,1.0,CASA HUERTA,0.0,1.0,3.0,3.0,4.0,0.0
104,176.0,0.0,0.0,0.0,1.0,1.0,7.0,14.0,17.0,,,3.0,,,CASA HUERTA,0.0,1.0,4.0,3.0,6.0,0.0
105,177.0,0.0,0.0,0.0,1.0,1.0,5.0,,,1.0,0.6,,200.0,,CASA HUERTA,0.0,1.0,3.0,1.0,3.0,0.0
106,178.0,0.0,0.0,0.0,0.0,0.0,4.0,15.0,,1.0,,,,,CASA HUERTA,0.0,1.0,2.0,3.0,4.0,0.0
107,179.0,0.0,0.0,0.0,1.0,1.0,7.0,14.0,23.0,1.0,0.6,,,,CASA HUERTA,1.0,1.0,1.0,4.0,3.0,0.0
108,180.0,0.0,,0.0,0.0,1.0,7.0,20.0,20.0,,,,,5.0,CASA HUERTA,0.0,1.0,1.0,0.0,0.0,0.0
109,181.0,0.0,1.0,0.0,1.0,0.0,3.0,16.0,20.0,0.0,,,,3.0,CASA HUERTA,1.0,1.0,1.0,2.0,1.0,0.0
110,182.0,0.0,0.0,0.0,1.0,0.0,6.0,19.0,16.0,1.0,,,300.0,3.0,CASA HUERTA,1.0,1.0,1.0,4.0,3.0,0.0
111,183.0,0.0,1.0,0.0,1.0,0.0,3.0,22.0,21.0,2.0,,,2080.0,,CASA HUERTA,0.0,1.0,1.0,2.0,0.0,0.0
112,750.0,0.0,1.0,0.0,1.0,1.0,12.0,30.0,24.0,2.0,1.0,2.0,800.0,5.0,LA RINCONADA,0.0,1.0,5.0,0.0,2.0,0.0
113,751.0,0.0,1.0,0.0,1.0,1.0,7.0,28.0,18.0,2.0,2.0,1.0,900.0,1.0,LA RINCONADA,0.0,1.0,4.0,2.0,4.0,0.0
114,752.0,0.0,1.0,0.0,0.0,1.0,3.0,3.0,2.0,1.0,2.0,3.0,930.0,3.0,LA RINCONADA,0.0,1.0,3.0,0.0,2.0,0.0
115,753.0,0.0,1.0,0.0,1.0,1.0,12.0,28.0,25.0,2.0,0.3,2.0,800.0,1.0,LA RINCONADA,1.0,1.0,3.0,3.0,4.0,0.0
116,754.0,0.0,1.0,0.0,1.0,1.0,15.0,10.0,21.0,1.0,0.5,3.0,800.0,0.0,LA RINCONADA,1.0,1.0,4.0,4.0,5.0,0.0
117,40.0,0.0,1.0,0.0,0.0,0.0,5.0,18.0,20.0,1.0,2.5,,800.0,2.0,LAS ROCAS,1.0,1.0,1.0,2.0,0.0,0.0
118,41.0,0.0,0.0,0.0,1.0,0.0,5.0,3.0,17.0,2.0,1.5,6.0,1000.0,1.0,LAS ROCAS,0.0,1.0,1.0,2.0,2.0,0.0
119,42.0,1.0,0.0,0.0,1.0,1.0,5.0,4.0,25.0,1.0,1.0,4.0,930.0,3.0,LAS ROCAS,1.0,1.0,2.0,1.0,1.0,0.0
120,43.0,0.0,0.0,0.0,1.0,1.0,4.0,3.0,23.0,1.0,20.0,3.0,500.0,2.0,LAS ROCAS,0.0,1.0,2.0,2.0,3.0,0.0
121,44.0,1.0,0.0,0.0,1.0,0.0,5.0,18.0,23.0,1.0,2.0,,900.0,,LAS ROCAS,1.0,1.0,2.0,3.0,3.0,0.0
122,45.0,0.0,1.0,0.0,0.0,1.0,4.0,3.0,20.0,2.0,0.5,10.0,600.0,3.0,LAS ROCAS,0.0,1.0,1.0,1.0,0.0,0.0
123,32.0,0.0,1.0,0.0,1.0,0.0,6.0,18.0,18.0,2.0,0.5,0.0,,6.0,LA CUMBRE,1.0,1.0,3.0,2.0,3.0,0.0
124,33.0,0.0,1.0,0.0,1.0,0.0,4.0,18.0,30.0,1.0,2.0,3.0,800.0,4.0,LA CUMBRE,1.0,1.0,2.0,2.0,2.0,0.0
125,34.0,0.0,1.0,0.0,1.0,0.0,5.0,18.0,16.0,1.0,0.5,2.0,,5.0,LA CUMBRE,1.0,1.0,2.0,3.0,3.0,0.0
126,35.0,0.0,1.0,0.0,1.0,0.0,5.0,18.0,17.0,1.0,2.0,4.0,,5.0,LA CUMBRE,1.0,1.0,4.0,1.0,3.0,0.0
127,36.0,0.0,1.0,0.0,1.0,0.0,4.0,18.0,17.0,1.0,2.0,1.0,,4.0,LA CUMBRE,0.0,1.0,3.0,1.0,2.0,0.0
128,37.0,0.0,1.0,0.0,1.0,0.0,4.0,18.0,19.0,1.0,2.0,3.0,,4.0,LA CUMBRE,1.0,1.0,1.0,3.0,2.0,0.0
129,38.0,0.0,1.0,0.0,1.0,0.0,1.0,18.0,18.0,1.0,2.0,1.0,,3.0,LA CUMBRE,0.0,1.0,2.0,1.0,2.0,0.0
130,39.0,0.0,1.0,0.0,1.0,0.0,4.0,18.0,19.0,1.0,1.0,4.0,,4.0,LA CUMBRE,1.0,1.0,1.0,3.0,2.0,0.0
131,214.0,0.0,0.0,0.0,0.0,1.0,7.0,9.0,27.0,1.0,60.0,7.0,600.0,0.0,ORGANIZACION TERRAZAS,1.0,1.0,4.0,3.0,5.0,0.0
132,108.0,0.0,1.0,0.0,1.0,1.0,5.0,18.0,18.0,1.0,2.0,3.0,800.0,3.0,VILLA LAS TUNAS,0.0,1.0,3.0,2.0,3.0,0.0
133,109.0,0.0,1.0,0.0,1.0,0.0,2.0,18.0,,,,,65.0,2.0,VILLA LAS TUNAS,1.0,0.0,1.0,1.0,1.0,0.0
134,110.0,0.0,1.0,0.0,1.0,0.0,7.0,18.0,22.0,1.0,1.0,3.0,7500.0,3.0,VILLA LAS TUNAS,1.0,1.0,4.0,3.0,5.0,0.0
135,111.0,0.0,1.0,0.0,1.0,1.0,4.0,18.0,20.0,1.0,0.5,2.0,800.0,4.0,VILLA LAS TUNAS,1.0,1.0,2.0,3.0,2.0,1.0
136,112.0,0.0,1.0,0.0,1.0,1.0,7.0,18.0,23.0,1.0,3.0,2.0,850.0,5.0,VILLA LAS TUNAS,0.0,1.0,3.0,4.0,4.0,0.0
137,113.0,0.0,1.0,0.0,1.0,1.0,5.0,18.0,25.0,1.0,1.0,3.0,850.0,4.0,VILLA LAS TUNAS,1.0,1.0,2.0,2.0,2.0,0.0
138,744.0,0.0,1.0,0.0,1.0,1.0,6.0,18.0,20.0,1.0,0.6,2.0,500.0,3.0,LOS JARDINES,0.0,1.0,4.0,2.0,5.0,0.0
139,745.0,0.0,1.0,0.0,1.0,0.0,7.0,10.0,19.0,1.0,1.0,7.0,450.0,3.0,LOS JARDINES,1.0,1.0,3.0,4.0,5.0,0.0
140,746.0,0.0,1.0,0.0,1.0,0.0,6.0,18.0,14.0,1.0,5.0,7.0,320.0,4.0,LOS JARDINES,0.0,1.0,3.0,3.0,5.0,0.0
141,775.0,0.0,1.0,0.0,1.0,0.0,7.0,6.0,15.0,1.0,0.1,5.0,360.0,6.0,LOS JARDINES,0.0,1.0,3.0,4.0,6.0,0.0
142,119.0,1.0,1.0,0.0,0.0,1.0,7.0,16.0,17.0,1.0,1.5,2.0,500.0,2.0,LOS ROSALES,0.0,1.0,3.0,3.0,5.0,0.0
143,121.0,1.0,1.0,0.0,0.0,1.0,5.0,18.0,19.0,2.0,0.0,2.0,800.0,2.0,LOS ROSALES,1.0,1.0,2.0,2.0,2.0,0.0
144,122.0,1.0,1.0,0.0,1.0,1.0,7.0,14.0,20.0,1.0,0.0,1.0,900.0,2.0,LOS ROSALES,1.0,1.0,5.0,2.0,4.0,0.0
145,123.0,1.0,1.0,0.0,1.0,1.0,6.0,18.0,22.0,1.0,1.5,2.0,900.0,2.0,LOS ROSALES,1.0,1.0,3.0,3.0,4.0,0.0
146,124.0,1.0,1.0,0.0,1.0,1.0,8.0,18.0,18.0,2.0,1.0,2.0,1000.0,7.0,LOS ROSALES,1.0,1.0,3.0,3.0,4.0,0.0
147,125.0,1.0,1.0,0.0,1.0,1.0,11.0,18.0,24.0,2.0,2.0,3.0,1000.0,5.0,LOS ROSALES,1.0,1.0,4.0,6.0,8.0,0.0
148,126.0,1.0,1.0,0.0,0.0,0.0,4.0,9.0,27.0,1.0,1.0,1.0,8500.0,7.0,LOS ROSALES,1.0,1.0,1.0,3.0,2.0,0.0
149,127.0,1.0,1.0,0.0,1.0,,3.0,18.0,24.0,1.0,1.0,,900.0,3.0,LOS ROSALES,1.0,1.0,1.0,1.0,0.0,0.0
150,128.0,0.0,1.0,0.0,1.0,1.0,7.0,6.0,16.0,2.0,1.0,4.0,1000.0,,LOS ROSALES,1.0,1.0,6.0,1.0,5.0,0.0
151,129.0,1.0,1.0,0.0,0.0,1.0,3.0,10.0,24.0,1.0,1.0,1.0,600.0,1.0,LOS ROSALES,1.0,1.0,2.0,2.0,2.0,0.0
152,130.0,,1.0,0.0,0.0,,2.0,18.0,,,,,,,LOS ROSALES,1.0,1.0,1.0,1.0,0.0,0.0
153,131.0,0.0,1.0,1.0,1.0,1.0,6.0,0.2,15.0,1.0,1.5,6.0,600.0,0.0,LOS ROSALES,0.0,1.0,2.0,4.0,5.0,0.0
154,755.0,0.0,0.0,0.0,1.0,0.0,6.0,18.0,17.0,3.0,,,950.0,3.0,LOS JARDINES,1.0,1.0,3.0,2.0,2.0,0.0
155,756.0,0.0,0.0,0.0,1.0,1.0,5.0,32.0,20.0,2.0,1.0,0.0,950.0,3.0,LOS JARDINES,0.0,1.0,5.0,1.0,4.0,0.0
156,757.0,0.0,0.0,0.0,1.0,1.0,3.0,24.0,25.0,0.0,0.0,0.0,,2.0,LOS JARDINES,0.0,1.0,2.0,0.0,1.0,0.0
157,758.0,0.0,0.0,0.0,1.0,0.0,5.0,24.0,21.0,2.0,1.5,0.0,950.0,4.0,LOS JARDINES,0.0,1.0,4.0,2.0,2.0,1.0
158,759.0,0.0,0.0,0.0,1.0,0.0,5.0,24.0,22.0,1.0,1.0,0.0,850.0,,LOS JARDINES,0.0,1.0,,,,
159,300.0,0.0,1.0,0.0,0.0,0.0,3.0,1.0,20.0,,,,400.0,2.0,COMEDOR CORAZON DE JESUS,0.0,1.0,1.0,1.0,1.0,0.0
160,301.0,0.0,1.0,1.0,1.0,,1.0,18.0,28.0,1.0,2.0,,300.0,1.0,COMEDOR CORAZON DE JESUS,0.0,1.0,1.0,0.0,0.0,0.0
161,302.0,0.0,1.0,0.0,1.0,1.0,4.0,18.0,28.0,1.0,2.0,1.0,800.0,0.0,COMEDOR CORAZON DE JESUS,0.0,1.0,2.0,2.0,3.0,0.0
162,303.0,0.0,1.0,0.0,1.0,1.0,7.0,18.0,20.0,3.0,1.0,4.0,800.0,6.0,COMEDOR CORAZON DE JESUS,1.0,0.0,1.0,4.0,4.0,0.0
163,304.0,1.0,1.0,0.0,1.0,1.0,6.0,18.0,16.0,1.0,1.0,,800.0,5.0,COMEDOR CORAZON DE JESUS,1.0,1.0,3.0,3.0,4.0,0.0
164,305.0,0.0,1.0,0.0,1.0,1.0,5.0,18.0,22.0,1.0,1.0,5.0,400.0,4.0,COMEDOR CORAZON DE JESUS,0.0,1.0,1.0,4.0,4.0,0.0
165,306.0,0.0,1.0,0.0,0.0,1.0,5.0,18.0,23.0,,,4.0,350.0,3.0,COMEDOR CORAZON DE JESUS,0.0,1.0,1.0,2.0,2.0,0.0
166,307.0,1.0,1.0,1.0,1.0,1.0,5.0,18.0,17.0,1.0,1.0,7.0,600.0,4.0,COMEDOR CORAZON DE JESUS,0.0,1.0,3.0,2.0,4.0,0.0
167,308.0,0.0,1.0,1.0,1.0,1.0,4.0,18.0,22.0,1.0,2.0,2.0,500.0,4.0,COMEDOR CORAZON DE JESUS,0.0,1.0,3.0,1.0,3.0,0.0
168,309.0,0.0,1.0,0.0,1.0,1.0,4.0,18.0,21.0,1.0,2.0,3.0,600.0,4.0,COMEDOR CORAZON DE JESUS,0.0,1.0,3.0,1.0,3.0,0.0
169,310.0,0.0,1.0,0.0,1.0,0.0,8.0,18.0,16.0,1.0,1.0,,800.0,2.0,COMEDOR CORAZON DE JESUS,0.0,1.0,6.0,0.0,5.0,0.0
170,311.0,0.0,1.0,0.0,1.0,0.0,3.0,18.0,18.0,1.0,,,700.0,3.0,VILLA SOL PARTE BAJA,0.0,1.0,2.0,1.0,1.0,0.0
171,312.0,0.0,,0.0,1.0,1.0,5.0,18.0,22.0,2.0,,,,5.0,VILLA SOL PARTE BAJA,1.0,1.0,3.0,2.0,2.0,0.0
172,313.0,0.0,1.0,1.0,1.0,1.0,4.0,10.0,18.0,1.0,2.0,0.0,850.0,2.0,VILLA SOL PARTE BAJA,0.0,1.0,2.0,1.0,2.0,0.0
173,314.0,0.0,1.0,0.0,1.0,1.0,5.0,2.0,22.0,2.0,0.5,2.0,750.0,2.0,VILLA SOL PARTE BAJA,1.0,1.0,4.0,1.0,3.0,0.0
174,315.0,0.0,1.0,0.0,1.0,0.0,1.0,18.0,20.0,1.0,1.0,,750.0,1.0,VILLA SOL PARTE BAJA,0.0,1.0,1.0,0.0,0.0,0.0
175,316.0,0.0,1.0,0.0,1.0,1.0,5.0,13.0,,2.0,1.0,3.0,700.0,3.0,VILLA SOL PARTE BAJA,0.0,1.0,3.0,2.0,1.0,0.0
176,317.0,0.0,1.0,0.0,1.0,0.0,5.0,16.0,18.0,1.0,1.0,0.0,800.0,4.0,VILLA SOL PARTE BAJA,1.0,1.0,3.0,2.0,3.0,0.0
177,318.0,0.0,1.0,0.0,1.0,0.0,6.0,16.0,24.0,1.0,1.0,0.0,800.0,4.0,VILLA SOL PARTE BAJA,1.0,1.0,5.0,1.0,3.0,0.0
178,737.0,0.0,1.0,0.0,0.0,0.0,6.0,3.0,18.0,1.0,0.0,1.0,300.0,0.0,VILLA SOL PARTE BAJA,1.0,1.0,3.0,3.0,3.0,0.0
179,738.0,0.0,1.0,0.0,0.0,0.0,2.0,5.0,18.0,1.0,0.6,0.0,500.0,1.0,ROSAS DE SAN JUAN,0.0,1.0,1.0,1.0,1.0,0.0
180,739.0,0.0,1.0,0.0,0.0,0.0,5.0,3.0,24.0,1.0,2.0,2.0,500.0,3.0,ROSAS DE SAN JUAN,1.0,1.0,4.0,1.0,2.0,0.0
181,740.0,0.0,1.0,0.0,1.0,0.0,4.0,6.0,19.0,1.0,2.0,0.0,200.0,3.0,ROSAS DE SAN JUAN,1.0,1.0,2.0,2.0,1.0,0.0
182,741.0,0.0,1.0,0.0,1.0,0.0,4.0,6.0,26.0,1.0,1.0,2.0,400.0,2.0,ROSAS DE SAN JUAN,1.0,1.0,2.0,2.0,2.0,0.0
183,742.0,0.0,1.0,0.0,1.0,0.0,6.0,6.0,17.0,1.0,2.0,3.0,500.0,4.0,ROSAS DE SAN JUAN,1.0,1.0,4.0,2.0,1.0,1.0
184,670.0,0.0,1.0,0.0,1.0,0.0,7.0,14.0,25.0,1.0,1.5,1.0,950.0,2.0,C 16,1.0,1.0,4.0,3.0,5.0,0.0
185,671.0,0.0,1.0,0.0,1.0,0.0,4.0,10.0,25.0,1.0,1.5,0.0,850.0,1.0,C 16,0.0,1.0,4.0,0.0,3.0,0.0
186,672.0,0.0,1.0,0.0,1.0,0.0,7.0,18.0,19.0,1.0,2.0,,1000.0,2.0,C 16,1.0,1.0,4.0,3.0,5.0,0.0
187,202.0,0.0,1.0,0.0,1.0,0.0,2.0,5.0,22.0,1.0,1.0,,500.0,2.0,VILLA SAN JUAN,1.0,1.0,1.0,1.0,0.0,0.0
188,203.0,0.0,1.0,0.0,0.0,1.0,4.0,17.0,20.0,1.0,1.5,1.0,400.0,2.0,VILLA SAN JUAN,0.0,1.0,4.0,0.0,3.0,0.0
189,204.0,0.0,1.0,0.0,1.0,1.0,7.0,7.0,19.0,2.0,0.5,2.0,1200.0,4.0,VILLA SAN JUAN,1.0,1.0,3.0,4.0,5.0,0.0
190,205.0,0.0,1.0,0.0,1.0,0.0,4.0,16.0,18.0,1.0,0.2,,400.0,2.0,VILLA SAN JUAN,1.0,1.0,2.0,2.0,2.0,0.0
191,206.0,0.0,1.0,1.0,1.0,1.0,4.0,18.0,15.0,1.0,,,200.0,1.0,VILLA SAN JUAN,0.0,1.0,3.0,1.0,3.0,0.0
192,207.0,0.0,1.0,0.0,,0.0,4.0,12.0,24.0,1.0,,2.0,300.0,3.0,VILLA SAN JUAN,0.0,1.0,2.0,2.0,3.0,0.0
193,208.0,0.0,1.0,0.0,1.0,0.0,4.0,18.0,28.0,1.0,1.0,,400.0,3.0,VILLA SAN JUAN,1.0,1.0,2.0,2.0,2.0,0.0
194,209.0,0.0,1.0,0.0,1.0,0.0,5.0,18.0,13.0,3.0,1.0,,200.0,2.0,VILLA SAN JUAN,0.0,1.0,2.0,1.0,2.0,0.0
195,210.0,0.0,1.0,0.0,1.0,0.0,4.0,14.0,18.0,1.0,0.5,2.0,300.0,2.0,VILLA SAN JUAN,0.0,1.0,3.0,0.0,2.0,0.0
196,212.0,,1.0,0.0,1.0,0.0,2.0,,,1.0,,,400.0,1.0,VILLA SAN JUAN,0.0,1.0,1.0,1.0,1.0,0.0
197,219.0,0.0,1.0,0.0,1.0,0.0,5.0,17.0,20.0,1.0,0.5,,700.0,4.0,NUEVO MILENIO,1.0,1.0,3.0,4.0,5.0,0.0
198,219.0,0.0,1.0,0.0,1.0,0.0,5.0,17.0,20.0,1.0,0.5,,700.0,4.0,VILLA SAN JUAN,1.0,1.0,3.0,4.0,5.0,0.0
199,219.0,0.0,1.0,0.0,1.0,0.0,4.0,2.0,35.0,1.0,0.5,12.0,400.0,2.0,NUEVO MILENIO,1.0,1.0,3.0,4.0,5.0,0.0
200,219.0,0.0,1.0,0.0,1.0,0.0,4.0,2.0,35.0,1.0,0.5,12.0,400.0,2.0,VILLA SAN JUAN,1.0,1.0,3.0,4.0,5.0,0.0
201,772.0,0.0,1.0,0.0,1.0,1.0,6.0,14.0,18.0,1.0,1.5,0.0,700.0,3.0,LA RINCONADA,1.0,1.0,2.0,4.0,3.0,0.0
202,743.0,0.0,1.0,0.0,1.0,1.0,6.0,4.0,19.0,1.0,0.15,4.0,430.0,5.0,C16 LA NUEVA JUVENTUD,1.0,1.0,1.0,5.0,4.0,0.0
203,747.0,0.0,1.0,0.0,1.0,1.0,6.0,18.0,22.0,1.0,0.3,1.0,400.0,0.0,C16 LA NUEVA JUVENTUD,0.0,1.0,3.0,3.0,5.0,0.0
204,748.0,0.0,1.0,0.0,1.0,1.0,5.0,18.0,20.0,1.0,0.5,2.0,420.0,2.0,C16 LA NUEVA JUVENTUD,0.0,1.0,2.0,3.0,3.0,0.0
205,749.0,0.0,1.0,0.0,1.0,1.0,5.0,8.0,20.0,1.0,0.5,2.0,350.0,4.0,C16 LA NUEVA JUVENTUD,0.0,1.0,4.0,1.0,4.0,0.0
206,631.0,0.0,0.0,0.0,1.0,1.0,4.0,7.0,15.0,1.0,0.2,0.0,200.0,2.0,NADINE HEREDIA,0.0,1.0,3.0,1.0,3.0,0.0
207,632.0,0.0,0.0,0.0,1.0,1.0,7.0,5.0,22.0,2.0,2.0,0.0,250.0,0.0,NADINE HEREDIA,0.0,1.0,6.0,1.0,6.0,0.0
208,633.0,0.0,1.0,0.0,1.0,1.0,8.0,6.0,20.0,2.0,0.0,5.0,300.0,1.0,NADINE HEREDIA,0.0,1.0,6.0,1.0,6.0,0.0
209,634.0,0.0,0.0,0.0,1.0,1.0,5.0,6.0,17.0,1.0,2.0,8.0,250.0,0.0,NADINE HEREDIA,0.0,1.0,2.0,3.0,4.0,0.0
210,635.0,0.0,1.0,0.0,1.0,0.0,3.0,6.0,16.0,1.0,,,300.0,0.0,NADINE HEREDIA,0.0,1.0,1.0,2.0,0.0,0.0
211,636.0,0.0,0.0,0.0,1.0,0.0,8.0,6.0,18.0,1.0,1.0,1.0,250.0,0.0,NADINE HEREDIA,0.0,1.0,7.0,1.0,6.0,0.0
212,637.0,0.0,1.0,0.0,1.0,0.0,8.0,1.0,26.0,1.0,2.0,1.0,300.0,0.0,NADINE HEREDIA,1.0,1.0,5.0,3.0,6.0,0.0
213,114.0,0.0,1.0,0.0,1.0,0.0,5.0,18.0,27.0,1.0,0.5,0.0,650.0,2.0,LADERAS DE STA CRUZ,1.0,1.0,3.0,2.0,3.0,0.0
214,115.0,0.0,1.0,0.0,1.0,0.0,7.0,18.0,22.0,2.0,1.0,2.0,800.0,7.0,LADERAS DE STA CRUZ,1.0,1.0,1.0,3.0,2.0,0.0
215,116.0,0.0,1.0,0.0,1.0,0.0,4.0,18.0,28.0,1.0,0.5,2.0,650.0,2.0,LADERAS DE STA CRUZ,0.0,1.0,2.0,2.0,2.0,0.0
216,117.0,0.0,1.0,0.0,1.0,0.0,6.0,3.0,22.0,1.0,2.0,4.0,800.0,5.0,LADERAS DE STA CRUZ,1.0,1.0,4.0,1.0,3.0,0.0
217,118.0,0.0,1.0,0.0,1.0,0.0,3.0,18.0,22.0,1.0,0.5,0.0,300.0,2.0,LADERAS DE STA CRUZ,1.0,1.0,1.0,2.0,1.0,0.0
218,120.0,0.0,1.0,0.0,1.0,0.0,2.0,18.0,,,,,,2.0,LADERAS DE STA CRUZ,0.0,1.0,2.0,0.0,0.0,1.0
219,271.0,0.0,0.0,0.0,1.0,0.0,5.0,5.0,19.0,1.0,,,400.0,3.0,VISTA ALEGRE,1.0,1.0,3.0,2.0,2.0,0.0
220,272.0,0.0,1.0,0.0,0.0,0.0,4.0,3.0,22.0,1.0,,2.0,400.0,,VISTA ALEGRE,0.0,1.0,4.0,0.0,3.0,0.0
221,273.0,0.0,1.0,0.0,1.0,0.0,4.0,15.0,29.0,1.0,2.0,,400.0,1.0,VISTA ALEGRE,1.0,1.0,3.0,1.0,2.0,0.0
222,274.0,0.0,1.0,0.0,1.0,0.0,5.0,17.0,18.0,1.0,,,200.0,3.0,VISTA ALEGRE,1.0,1.0,3.0,3.0,2.0,1.0
223,275.0,0.0,1.0,0.0,1.0,0.0,6.0,7.0,18.0,1.0,,,200.0,3.0,VISTA ALEGRE,1.0,1.0,4.0,2.0,2.0,0.0
224,276.0,0.0,1.0,0.0,1.0,1.0,5.0,5.0,17.0,1.0,1.0,,300.0,3.0,VISTA ALEGRE,0.0,1.0,3.0,0.0,2.0,0.0
225,277.0,0.0,1.0,0.0,1.0,0.0,9.0,18.0,18.0,2.0,1.5,,650.0,0.0,VISTA ALEGRE,0.0,1.0,4.0,4.0,7.0,0.0
226,278.0,0.0,1.0,0.0,1.0,0.0,3.0,5.0,19.0,1.0,,,300.0,2.0,VISTA ALEGRE,1.0,1.0,2.0,2.0,2.0,0.0
227,132.0,0.0,0.0,0.0,1.0,1.0,5.0,1.0,17.0,3.0,2.0,0.0,600.0,1.0,MONTE DE ISRAEL,0.0,1.0,1.0,3.0,3.0,0.0
228,133.0,1.0,0.0,0.0,0.0,0.0,5.0,3.0,13.0,1.0,0.0,0.0,800.0,2.0,MONTE DE ISRAEL,1.0,1.0,1.0,4.0,3.0,0.0
229,134.0,1.0,0.0,0.0,1.0,0.0,3.0,0.3,14.0,1.0,20.0,0.0,500.0,0.0,MONTE DE ISRAEL,1.0,1.0,1.0,2.0,1.0,0.0
230,135.0,0.0,0.0,0.0,1.0,1.0,4.0,2.0,21.0,1.0,0.5,0.0,600.0,0.0,MONTE DE ISRAEL,0.0,1.0,3.0,1.0,3.0,0.0
231,136.0,0.0,0.0,0.0,0.0,0.0,1.0,,20.0,1.0,0.5,0.0,100.0,1.0,MONTE DE ISRAEL,0.0,1.0,1.0,0.0,0.0,0.0
232,148.0,0.0,1.0,0.0,1.0,0.0,6.0,12.0,20.0,1.0,1.0,1.0,1000.0,5.0,VILLA HORIZONTE,1.0,1.0,2.0,4.0,3.0,0.0
233,149.0,0.0,1.0,0.0,1.0,0.0,5.0,12.0,20.0,1.0,1.5,4.0,850.0,4.0,VILLA HORIZONTE,1.0,1.0,3.0,2.0,2.0,0.0
234,150.0,0.0,1.0,0.0,1.0,0.0,6.0,9.0,31.0,2.0,2.0,0.0,1000.0,3.0,VILLA HORIZONTE,1.0,1.0,1.0,4.0,2.0,0.0
235,151.0,0.0,1.0,0.0,1.0,0.0,2.0,15.0,16.0,,,,300.0,,VILLA HORIZONTE,1.0,1.0,1.0,1.0,0.0,0.0
236,152.0,0.0,1.0,0.0,1.0,0.0,5.0,13.0,19.0,1.0,2.0,2.0,600.0,2.0,VILLA HORIZONTE,0.0,1.0,4.0,1.0,3.0,1.0
237,153.0,0.0,1.0,0.0,1.0,1.0,4.0,6.0,17.0,1.0,20.0,2.0,,4.0,VILLA HORIZONTE,0.0,1.0,2.0,2.0,2.0,0.0
238,154.0,0.0,1.0,0.0,1.0,0.0,7.0,15.0,15.0,1.0,0.5,2.0,500.0,0.0,VILLA HORIZONTE,1.0,1.0,4.0,3.0,5.0,0.0
239,155.0,0.0,1.0,0.0,1.0,0.0,5.0,15.0,27.0,1.0,1.5,2.0,720.0,4.0,VILLA HORIZONTE,1.0,1.0,3.0,2.0,3.0,0.0
240,,0.0,1.0,0.0,0.0,0.0,5.0,6.0,29.0,2.0,2.0,,700.0,3.0,,,,,,,
241,71.0,0.0,1.0,0.0,1.0,1.0,5.0,20.0,19.0,2.0,2.0,2.0,850.0,5.0,SENOR DE QOYLLOR RITTY,1.0,1.0,1.0,4.0,2.0,0.0
242,72.0,0.0,1.0,1.0,1.0,1.0,6.0,4.0,18.0,2.0,2.0,1.0,700.0,3.0,SENOR DE QOYLLOR RITTY,1.0,1.0,4.0,3.0,3.0,0.0
243,73.0,1.0,1.0,0.0,1.0,1.0,5.0,18.0,17.0,7.0,2.0,22.0,500.0,2.0,SENOR DE QOYLLOR RITTY,1.0,1.0,4.0,1.0,2.0,0.0
244,74.0,1.0,1.0,0.0,1.0,1.0,6.0,4.0,18.0,1.0,0.5,,800.0,3.0,SENOR DE QOYLLOR RITTY,1.0,1.0,1.0,5.0,4.0,0.0
245,75.0,1.0,0.0,0.0,1.0,1.0,6.0,4.0,21.0,1.0,2.0,2.0,680.0,2.0,SENOR DE QOYLLOR RITTY,0.0,1.0,5.0,0.0,4.0,0.0
246,76.0,0.0,1.0,0.0,,,4.0,20.0,23.0,1.0,1.0,,450.0,2.0,SENOR DE QOYLLOR RITTY,1.0,1.0,3.0,1.0,2.0,0.0
247,77.0,0.0,1.0,1.0,1.0,,3.0,20.0,15.0,2.0,1.0,,400.0,1.0,SENOR DE QOYLLOR RITTY,0.0,1.0,1.0,0.0,0.0,0.0
248,79.0,0.0,1.0,0.0,1.0,0.0,4.0,24.0,20.0,1.0,1.0,,800.0,4.0,SENOR DE QOYLLOR RITTY,0.0,1.0,2.0,2.0,2.0,0.0
249,78.0,0.0,0.0,0.0,0.0,1.0,4.0,3.0,17.0,7.0,2.0,,500.0,2.0,SENOR DE QOYLLOR RITTY,1.0,1.0,3.0,1.0,2.0,0.0
250,279.0,1.0,1.0,0.0,1.0,0.0,4.0,9.0,19.0,1.0,1.5,1.0,300.0,1.0,BELLAVISTA 1,1.0,1.0,3.0,1.0,2.0,0.0
251,280.0,1.0,1.0,0.0,0.0,0.0,5.0,9.0,27.0,1.0,1.0,1.0,1000.0,2.0,BELLAVISTA 1,1.0,1.0,3.0,2.0,3.0,0.0
252,281.0,0.0,0.0,0.0,1.0,1.0,8.0,2.0,16.0,2.0,2.0,0.0,850.0,2.0,BELLAVISTA 1,1.0,1.0,3.0,5.0,5.0,0.0
253,282.0,0.0,1.0,0.0,0.0,1.0,4.0,10.0,20.0,1.0,0.5,,350.0,4.0,BELLAVISTA 1,0.0,1.0,2.0,0.0,0.0,0.0
254,283.0,0.0,1.0,0.0,1.0,1.0,5.0,8.0,15.0,1.0,0.5,,800.0,0.0,BELLAVISTA 1,1.0,1.0,4.0,1.0,3.0,0.0
255,56.0,0.0,0.0,0.0,1.0,1.0,6.0,17.0,20.0,1.0,1.0,,800.0,3.0,LAS TERRAZAS,0.0,1.0,6.0,0.0,4.0,0.0
256,57.0,0.0,0.0,0.0,1.0,1.0,2.0,17.0,33.0,1.0,1.0,,500.0,,LAS TERRAZAS,0.0,1.0,1.0,1.0,0.0,0.0
257,58.0,0.0,0.0,0.0,1.0,1.0,3.0,3.0,18.0,1.0,1.0,,500.0,,LAS TERRAZAS,0.0,1.0,3.0,1.0,3.0,0.0
258,59.0,0.0,0.0,0.0,1.0,0.0,8.0,10.0,20.0,2.0,,3.0,850.0,3.0,LAS TERRAZAS,1.0,1.0,4.0,4.0,4.0,0.0
259,60.0,0.0,0.0,0.0,1.0,0.0,5.0,17.0,23.0,1.0,1.0,3.0,850.0,2.0,LAS TERRAZAS,1.0,1.0,1.0,4.0,3.0,0.0
260,61.0,0.0,0.0,0.0,1.0,0.0,6.0,17.0,20.0,1.0,1.0,,850.0,,LAS TERRAZAS,1.0,1.0,5.0,1.0,2.0,0.0
261,62.0,0.0,0.0,0.0,1.0,0.0,3.0,17.0,25.0,2.0,1.0,,850.0,2.0,LAS TERRAZAS,1.0,1.0,1.0,3.0,0.0,0.0
262,63.0,0.0,0.0,0.0,1.0,0.0,6.0,17.0,18.0,1.0,,,,3.0,LAS TERRAZAS,0.0,1.0,6.0,0.0,3.0,1.0
263,64.0,0.0,0.0,0.0,1.0,1.0,5.0,17.0,18.0,1.0,1.0,,500.0,,LAS TERRAZAS,1.0,1.0,4.0,1.0,2.0,0.0
264,65.0,0.0,0.0,0.0,1.0,1.0,6.0,3.0,18.0,1.0,1.0,,950.0,1.0,LAS TERRAZAS,1.0,1.0,3.0,3.0,4.0,0.0
265,658.0,0.0,1.0,0.0,1.0,0.0,5.0,6.0,22.0,1.0,1.0,3.0,700.0,2.0,CRUZ DE MAYO,1.0,1.0,3.0,1.0,2.0,0.0
266,,0.0,1.0,0.0,1.0,0.0,4.0,25.0,18.0,1.0,1.5,1.0,850.0,2.0,,,,,,,
267,660.0,1.0,0.0,0.0,0.0,1.0,4.0,18.0,19.0,1.0,1.5,1.0,900.0,2.0,CRUZ DE MAYO,1.0,1.0,2.0,3.0,3.0,0.0
268,661.0,0.0,0.0,0.0,1.0,0.0,6.0,20.0,30.0,1.0,1.0,0.0,900.0,3.0,CRUZ DE MAYO,1.0,1.0,4.0,2.0,3.0,0.0
269,673.0,0.0,1.0,0.0,1.0,0.0,6.0,10.0,21.0,1.0,1.0,1.0,750.0,1.0,NUEVA GENERACION,1.0,1.0,4.0,2.0,4.0,0.0
270,66.0,0.0,1.0,0.0,1.0,1.0,6.0,12.0,21.0,1.0,1.0,1.0,1000.0,,LOS INDUSTRIALES,1.0,1.0,1.0,5.0,4.0,0.0
271,67.0,0.0,1.0,0.0,1.0,1.0,4.0,18.0,20.0,1.0,0.5,3.0,400.0,1.0,LOS INDUSTRIALES,0.0,1.0,3.0,1.0,3.0,0.0
272,68.0,0.0,0.0,0.0,1.0,,4.0,10.0,27.0,1.0,1.5,4.0,600.0,2.0,LOS INDUSTRIALES,1.0,0.0,1.0,3.0,2.0,0.0
273,69.0,0.0,0.0,0.0,1.0,1.0,6.0,4.0,18.0,1.0,,3.0,800.0,1.0,LOS INDUSTRIALES,1.0,1.0,3.0,3.0,4.0,0.0
274,143.0,0.0,1.0,0.0,1.0,0.0,5.0,5.0,24.0,1.0,1.5,1.0,800.0,0.0,LOS PEDREGALES 2000,1.0,1.0,2.0,3.0,1.0,0.0
275,144.0,0.0,1.0,0.0,1.0,0.0,4.0,2.0,22.0,1.0,1.0,,900.0,1.0,LOS PEDREGALES 2000,1.0,1.0,1.0,3.0,1.0,0.0
276,145.0,0.0,1.0,0.0,1.0,0.0,9.0,18.0,19.0,2.0,2.0,3.0,930.0,3.0,LOS PEDREGALES 2000,1.0,1.0,4.0,5.0,4.0,0.0
277,146.0,0.0,1.0,0.0,0.0,0.0,5.0,18.0,20.0,1.0,1.0,4.0,400.0,0.0,LOS PEDREGALES 2000,0.0,1.0,2.0,3.0,2.0,1.0
278,147.0,0.0,1.0,0.0,1.0,0.0,5.0,11.0,24.0,1.0,1.5,0.0,900.0,5.0,LOS PEDREGALES 2000,1.0,1.0,3.0,2.0,2.0,1.0
279,770.0,0.0,1.0,0.0,0.0,0.0,5.0,4.0,15.0,1.0,3.0,,500.0,,VIRGEN DEL CARMEN,1.0,1.0,3.0,2.0,3.0,0.0
280,777.0,0.0,1.0,0.0,1.0,0.0,4.0,6.0,18.0,1.0,,,400.0,,VIRGEN DEL CARMEN,0.0,1.0,2.0,2.0,2.0,0.0
281,779.0,0.0,1.0,0.0,1.0,0.0,3.0,6.0,18.0,1.0,2.0,,300.0,,VIRGEN DEL CARMEN,0.0,1.0,2.0,1.0,2.0,0.0
282,778.0,0.0,1.0,0.0,0.0,1.0,4.0,5.0,15.0,1.0,,,,,LAS PRADERAS,0.0,1.0,1.0,3.0,3.0,0.0
283,765.0,0.0,1.0,0.0,1.0,0.0,3.0,,22.0,,,,,,LAS PRADERAS,0.0,1.0,4.0,2.0,3.0,0.0
284,766.0,0.0,1.0,0.0,1.0,0.0,2.0,,,,,,,,LAS PRADERAS,1.0,1.0,1.0,1.0,0.0,0.0
285,767.0,0.0,1.0,0.0,1.0,0.0,4.0,6.0,15.0,1.0,2.0,,400.0,,LAS PRADERAS,0.0,1.0,4.0,0.0,2.0,0.0
286,768.0,0.0,1.0,0.0,1.0,0.0,5.0,7.0,17.0,1.0,1.0,,400.0,,LAS PRADERAS,0.0,1.0,3.0,2.0,3.0,0.0
287,769.0,0.0,1.0,0.0,1.0,0.0,5.0,6.0,16.0,1.0,2.0,3.0,500.0,,LAS PRADERAS,0.0,1.0,3.0,2.0,4.0,0.0
288,80.0,0.0,1.0,0.0,1.0,,1.0,18.0,18.0,1.0,0.5,,300.0,1.0,PORTADA DEL SOL,0.0,1.0,1.0,0.0,0.0,0.0
289,81.0,0.0,0.0,0.0,1.0,0.0,6.0,18.0,,2.0,0.75,3.0,800.0,,PORTADA DEL SOL,1.0,1.0,2.0,2.0,2.0,0.0
290,82.0,1.0,1.0,0.0,,1.0,5.0,18.0,,1.0,0.75,1.0,520.0,2.0,PORTADA DEL SOL,0.0,1.0,3.0,2.0,3.0,0.0
291,83.0,0.0,1.0,0.0,1.0,0.0,3.0,18.0,20.0,1.0,2.0,4.0,680.0,3.0,PORTADA DEL SOL,0.0,1.0,3.0,0.0,1.0,1.0
292,84.0,0.0,0.0,0.0,1.0,0.0,5.0,2.0,,1.0,1.0,,750.0,4.0,PORTADA DEL SOL,0.0,1.0,1.0,1.0,1.0,0.0
293,85.0,0.0,1.0,0.0,1.0,1.0,3.0,18.0,,1.0,1.0,2.0,850.0,,PORTADA DEL SOL,0.0,1.0,2.0,1.0,2.0,0.0
294,86.0,0.0,0.0,0.0,1.0,0.0,3.0,18.0,20.0,1.0,1.5,2.0,,3.0,PORTADA DEL SOL,0.0,1.0,2.0,1.0,1.0,0.0
295,87.0,0.0,0.0,0.0,1.0,1.0,5.0,18.0,15.0,1.0,1.0,3.0,700.0,2.0,PORTADA DEL SOL,1.0,1.0,3.0,2.0,3.0,0.0
296,638.0,0.0,0.0,0.0,1.0,0.0,4.0,15.0,22.0,1.0,,3.0,,0.0,GARDENIAS,0.0,1.0,3.0,1.0,3.0,0.0
297,639.0,1.0,1.0,0.0,1.0,1.0,4.0,19.0,30.0,1.0,1.5,0.0,500.0,3.0,GARDENIAS,0.0,1.0,2.0,2.0,3.0,0.0
298,640.0,0.0,1.0,0.0,1.0,1.0,5.0,13.0,20.0,1.0,2.0,1.0,400.0,,GARDENIAS,0.0,1.0,3.0,2.0,3.0,0.0
299,641.0,0.0,1.0,0.0,1.0,0.0,4.0,13.0,21.0,1.0,1.5,2.0,250.0,2.0,GARDENIAS,0.0,1.0,3.0,1.0,3.0,0.0
300,642.0,0.0,1.0,0.0,1.0,0.0,6.0,13.0,21.0,1.0,0.0,0.0,200.0,4.0,GARDENIAS,0.0,1.0,3.0,3.0,5.0,0.0
301,644.0,0.0,1.0,0.0,1.0,0.0,2.0,18.0,28.0,1.0,,,,,GARDENIAS,1.0,1.0,,,,
302,645.0,0.0,1.0,0.0,1.0,0.0,4.0,10.0,15.0,1.0,2.0,1.0,200.0,2.0,GARDENIAS,0.0,1.0,2.0,2.0,2.0,0.0
303,646.0,,1.0,0.0,1.0,1.0,4.0,16.0,17.0,2.0,2.0,3.0,400.0,2.0,GARDENIAS,0.0,1.0,3.0,2.0,3.0,0.0
304,667.0,0.0,1.0,0.0,1.0,0.0,7.0,14.0,24.0,1.0,0.7,1.0,950.0,2.0,EL PORUENIR,1.0,1.0,3.0,4.0,5.0,0.0
305,668.0,0.0,1.0,0.0,1.0,0.0,6.0,18.0,16.0,1.0,1.5,0.0,1000.0,2.0,EL PORUENIR,0.0,1.0,3.0,3.0,5.0,0.0
306,669.0,0.0,1.0,0.0,1.0,1.0,7.0,17.0,18.0,1.0,0.5,0.0,800.0,1.0,EL PORUENIR,0.0,1.0,4.0,2.0,5.0,0.0
307,215.0,0.0,1.0,0.0,1.0,1.0,5.0,10.0,22.0,1.0,0.0,1.0,750.0,4.0,NUEVO MILENIO,1.0,1.0,3.0,2.0,2.0,1.0
308,216.0,0.0,1.0,0.0,1.0,1.0,5.0,15.0,25.0,2.0,2.0,1.0,800.0,2.0,NUEVO MILENIO,1.0,1.0,3.0,2.0,3.0,0.0
309,217.0,0.0,1.0,0.0,1.0,1.0,4.0,4.0,16.0,1.0,0.2,1.0,700.0,1.0,NUEVO MILENIO,0.0,1.0,3.0,1.0,3.0,0.0
310,218.0,0.0,1.0,0.0,1.0,0.0,4.0,11.0,21.0,2.0,14.0,,800.0,3.0,NUEVO MILENIO,1.0,1.0,2.0,2.0,2.0,0.0
311,220.0,0.0,1.0,0.0,1.0,0.0,7.0,18.0,15.0,1.0,0.5,2.0,750.0,2.0,NUEVO MILENIO,1.0,1.0,5.0,2.0,4.0,0.0
312,221.0,0.0,1.0,0.0,1.0,1.0,5.0,9.0,23.0,2.0,0.5,5.0,400.0,2.0,NUEVO MILENIO,1.0,1.0,2.0,3.0,3.0,0.0
313,222.0,0.0,1.0,0.0,1.0,0.0,7.0,17.0,18.0,1.0,0.5,2.0,600.0,2.0,NUEVO MILENIO,1.0,1.0,4.0,3.0,5.0,0.0
314,223.0,0.0,1.0,0.0,1.0,0.0,3.0,7.0,22.0,1.0,0.5,1.0,400.0,1.0,NUEVO MILENIO,0.0,1.0,3.0,0.0,2.0,0.0
315,224.0,0.0,1.0,0.0,1.0,1.0,7.0,18.0,20.0,1.0,0.5,,,4.0,NUEVO MILENIO,1.0,1.0,4.0,3.0,5.0,0.0
316,294.0,0.0,1.0,0.0,1.0,1.0,5.0,18.0,26.0,1.0,1.0,1.0,500.0,5.0,VILLA SAN JUAN II,1.0,1.0,1.0,3.0,2.0,0.0
317,295.0,0.0,1.0,0.0,1.0,1.0,5.0,18.0,22.0,1.0,1.5,2.0,400.0,5.0,VILLA SAN JUAN II,0.0,1.0,2.0,2.0,3.0,0.0
318,296.0,0.0,1.0,0.0,1.0,1.0,3.0,18.0,16.0,2.0,2.0,1.0,400.0,1.0,VILLA SAN JUAN II,0.0,1.0,2.0,1.0,1.0,0.0
319,297.0,0.0,,0.0,1.0,0.0,6.0,10.0,28.0,2.0,1.0,2.0,700.0,2.0,VILLA SAN JUAN II,0.0,1.0,2.0,1.0,1.0,0.0
320,298.0,0.0,1.0,0.0,1.0,1.0,3.0,18.0,25.0,1.0,1.0,3.0,400.0,2.0,VILLA SAN JUAN II,0.0,1.0,1.0,2.0,2.0,0.0
321,299.0,0.0,1.0,0.0,1.0,1.0,4.0,17.0,26.0,2.0,1.0,2.0,450.0,0.0,VILLA SAN JUAN II,0.0,1.0,2.0,2.0,3.0,0.0
322,88.0,0.0,1.0,0.0,1.0,0.0,5.0,18.0,23.0,1.0,0.1,3.0,100.0,5.0,GIRASOLES ALTO,0.0,1.0,4.0,1.0,2.0,0.0
323,89.0,0.0,0.0,0.0,1.0,1.0,6.0,18.0,36.0,1.0,2.0,3.0,600.0,4.0,GIRASOLES ALTO,0.0,1.0,2.0,0.0,1.0,0.0
324,90.0,0.0,0.0,0.0,0.0,1.0,8.0,18.0,17.0,1.0,2.0,2.0,1000.0,2.0,GIRASOLES ALTO,1.0,1.0,4.0,2.0,4.0,0.0
325,91.0,0.0,0.0,0.0,1.0,0.0,4.0,12.0,25.0,1.0,0.5,1.0,600.0,2.0,GIRASOLES ALTO,1.0,1.0,2.0,2.0,2.0,0.0
326,92.0,0.0,0.0,0.0,1.0,0.0,5.0,10.0,22.0,1.0,1.5,2.0,500.0,5.0,GIRASOLES ALTO,1.0,1.0,2.0,3.0,3.0,0.0
327,93.0,0.0,1.0,0.0,1.0,0.0,5.0,1.0,23.0,1.0,1.5,1.0,700.0,3.0,GIRASOLES ALTO,1.0,1.0,3.0,2.0,2.0,0.0
328,254.0,0.0,1.0,0.0,1.0,0.0,5.0,18.0,20.0,2.0,,2.0,700.0,3.0,STA ROSA AUTOGESTIONARIA,1.0,1.0,2.0,2.0,2.0,0.0
329,255.0,0.0,1.0,0.0,0.0,0.0,0.0,8.0,29.0,1.0,1.5,0.0,450.0,1.0,STA ROSA AUTOGESTIONARIA,0.0,1.0,2.0,2.0,2.0,0.0
330,256.0,0.0,0.0,0.0,1.0,1.0,5.0,18.0,20.0,2.0,1.0,0.0,700.0,0.0,STA ROSA AUTOGESTIONARIA,0.0,1.0,2.0,2.0,3.0,0.0
331,257.0,0.0,1.0,0.0,1.0,1.0,6.0,18.0,22.0,1.0,1.0,4.0,700.0,1.0,STA ROSA AUTOGESTIONARIA,1.0,1.0,3.0,3.0,3.0,1.0
332,771.0,0.0,0.0,0.0,0.0,1.0,5.0,30.0,18.0,1.0,0.5,0.0,90.0,0.0,MARIA ARGUEDAS,0.0,1.0,,,,
333,773.0,0.0,1.0,0.0,1.0,1.0,5.0,1.0,19.0,1.0,1.0,,,,TIHUINSA,1.0,1.0,2.0,3.0,3.0,0.0
334,774.0,0.0,0.0,0.0,1.0,1.0,6.0,18.0,15.0,2.0,1.0,3.0,600.0,3.0,AMPLIACION 8B,1.0,1.0,4.0,2.0,3.0,0.0
335,653.0,0.0,1.0,0.0,1.0,1.0,5.0,6.0,27.0,1.0,1.0,1.0,1000.0,1.0,NUEVA JERUSALEN,1.0,1.0,4.0,1.0,3.0,0.0
336,654.0,0.0,1.0,0.0,0.0,0.0,4.0,17.0,18.0,2.0,1.0,0.0,800.0,0.0,NUEVA JERUSALEN,0.0,1.0,1.0,1.0,0.0,0.0
337,655.0,0.0,0.0,0.0,1.0,,3.0,17.0,19.0,1.0,,,850.0,3.0,NUEVA JERUSALEN,0.0,1.0,2.0,1.0,0.0,0.0
338,656.0,0.0,0.0,0.0,1.0,0.0,2.0,18.0,25.0,1.0,1.0,,,2.0,NUEVA JERUSALEN,1.0,1.0,1.0,2.0,1.0,0.0
339,657.0,0.0,1.0,0.0,1.0,0.0,5.0,14.0,20.0,1.0,0.0,0.0,0.0,2.0,NUEVA JERUSALEN,1.0,1.0,1.0,2.0,1.0,0.0
340,284.0,0.0,1.0,0.0,1.0,0.0,5.0,19.0,20.0,1.0,0.5,0.0,850.0,0.0,LAS TORRES,1.0,1.0,2.0,3.0,3.0,0.0
341,285.0,0.0,0.0,0.0,0.0,0.0,7.0,19.0,18.0,1.0,1.5,1.0,850.0,1.0,LAS TORRES,1.0,1.0,2.0,3.0,3.0,0.0
342,286.0,0.0,0.0,0.0,1.0,0.0,8.0,8.0,18.0,1.0,1.0,1.0,800.0,1.0,LAS TORRES,1.0,1.0,4.0,1.0,3.0,0.0
343,287.0,0.0,0.0,0.0,1.0,0.0,5.0,19.0,24.0,1.0,30.0,0.0,850.0,2.0,LAS TORRES,1.0,1.0,2.0,4.0,4.0,0.0
344,288.0,0.0,1.0,0.0,1.0,0.0,6.0,19.0,18.0,1.0,0.3,0.0,800.0,6.0,LAS TORRES,1.0,1.0,2.0,3.0,3.0,0.0
345,289.0,1.0,1.0,0.0,1.0,0.0,2.0,4.0,17.0,1.0,1.5,0.0,600.0,0.0,LAS TORRES,0.0,1.0,1.0,1.0,1.0,0.0
346,290.0,1.0,0.0,0.0,1.0,0.0,10.0,19.0,20.0,2.0,1.0,0.0,800.0,0.0,VILLA VICENCIO,1.0,1.0,3.0,2.0,3.0,0.0
347,291.0,1.0,1.0,0.0,1.0,0.0,6.0,4.0,25.0,1.0,1.0,0.0,850.0,2.0,LAS TORRES,1.0,1.0,3.0,2.0,3.0,0.0
348,292.0,0.0,0.0,0.0,1.0,0.0,4.0,5.0,20.0,1.0,0.5,0.0,700.0,3.0,LAS TORRES,1.0,1.0,3.0,1.0,2.0,0.0
349,293.0,1.0,0.0,0.0,1.0,1.0,7.0,6.0,18.0,1.0,1.5,0.0,930.0,4.0,LAS TORRES,1.0,1.0,4.0,2.0,4.0,0.0
350,624.0,0.0,1.0,0.0,1.0,0.0,6.0,35.0,20.0,1.0,0.5,0.0,400.0,6.0,EL NAZARENO,0.0,1.0,3.0,0.0,2.0,0.0
351,625.0,0.0,1.0,0.0,1.0,0.0,8.0,35.0,15.0,1.0,0.5,,200.0,8.0,EL NAZARENO,0.0,1.0,2.0,4.0,5.0,0.0
352,626.0,0.0,1.0,0.0,1.0,0.0,8.0,35.0,20.0,1.0,0.5,,400.0,8.0,EL NAZARENO,0.0,1.0,3.0,2.0,4.0,0.0
353,627.0,0.0,1.0,0.0,1.0,0.0,7.0,35.0,18.0,5.0,3.0,0.0,450.0,7.0,EL NAZARENO,0.0,1.0,4.0,2.0,5.0,0.0
354,628.0,0.0,1.0,0.0,1.0,0.0,3.0,35.0,20.0,1.0,0.5,,200.0,3.0,EL NAZARENO,0.0,1.0,1.0,2.0,2.0,0.0
355,629.0,0.0,1.0,0.0,1.0,0.0,13.0,35.0,18.0,1.0,1.0,,250.0,9.0,EL NAZARENO,0.0,1.0,4.0,3.0,6.0,0.0
356,630.0,0.0,1.0,0.0,1.0,0.0,10.0,35.0,21.0,1.0,2.0,,300.0,10.0,EL NAZARENO,0.0,1.0,4.0,2.0,5.0,0.0
357,320.0,0.0,0.0,0.0,1.0,0.0,4.0,2.0,34.0,1.0,2.0,3.0,750.0,3.0,LAS ROCAS,0.0,1.0,3.0,1.0,1.0,0.0
358,321.0,0.0,0.0,0.0,1.0,0.0,4.0,1.0,22.0,1.0,2.0,,380.0,1.0,LAS ROCAS,1.0,1.0,1.0,3.0,2.0,0.0
359,322.0,0.0,0.0,1.0,1.0,0.0,7.0,5.0,18.0,1.0,1.0,3.0,800.0,3.0,LAS ROCAS,1.0,1.0,3.0,3.0,4.0,0.0
360,323.0,0.0,0.0,0.0,1.0,0.0,2.0,2.0,3.0,1.0,2.0,,750.0,1.0,LAS ROCAS,0.0,1.0,1.0,1.0,1.0,0.0
361,324.0,0.0,0.0,0.0,1.0,0.0,3.0,5.0,38.0,1.0,3.0,4.0,450.0,3.0,LAS ROCAS,1.0,1.0,1.0,2.0,1.0,0.0
362,325.0,0.0,0.0,0.0,1.0,0.0,4.0,6.0,20.0,1.0,3.0,2.0,600.0,2.0,LAS ROCAS,1.0,1.0,1.0,3.0,2.0,0.0
363,326.0,0.0,0.0,0.0,1.0,0.0,6.0,7.0,19.0,1.0,2.0,4.0,800.0,3.0,LAS ROCAS,1.0,1.0,3.0,2.0,3.0,0.0
364,732.0,0.0,1.0,1.0,0.0,1.0,13.0,18.0,18.0,4.0,0.75,1.0,1500.0,3.0,7 DE ENERO,1.0,1.0,8.0,2.0,7.0,0.0
365,733.0,0.0,0.0,0.0,1.0,1.0,5.0,10.0,20.0,1.0,0.75,2.0,800.0,5.0,7 DE ENERO,1.0,1.0,3.0,2.0,3.0,0.0
366,734.0,1.0,1.0,0.0,1.0,1.0,9.0,18.0,15.0,2.0,,1.0,1300.0,4.0,7 DE ENERO,1.0,1.0,4.0,5.0,7.0,0.0
367,735.0,0.0,1.0,0.0,1.0,1.0,5.0,18.0,24.0,1.0,,1.0,900.0,2.0,7 DE ENERO,1.0,1.0,2.0,3.0,3.0,0.0
368,736.0,0.0,1.0,0.0,1.0,1.0,9.0,10.0,22.0,1.0,0.75,1.0,850.0,4.0,7 DE ENERO,0.0,1.0,3.0,3.0,4.0,0.0
369,46.0,0.0,0.0,0.0,1.0,1.0,3.0,18.0,20.0,1.0,1.0,2.0,850.0,1.0,VILLA SOL ALTA,0.0,1.0,2.0,0.0,1.0,0.0
370,47.0,0.0,0.0,0.0,1.0,1.0,3.0,18.0,17.0,1.0,1.0,0.0,640.0,2.0,VILLA SOL ALTA,0.0,1.0,2.0,0.0,0.0,1.0
371,48.0,1.0,0.0,0.0,1.0,0.0,6.0,18.0,21.0,3.0,2.0,0.0,1000.0,4.0,VILLA SOL ALTA,1.0,1.0,1.0,2.0,1.0,0.0
372,49.0,0.0,0.0,0.0,1.0,0.0,2.0,18.0,21.0,1.0,2.0,0.0,850.0,2.0,VILLA SOL ALTA,0.0,1.0,2.0,0.0,1.0,0.0
373,50.0,0.0,0.0,0.0,1.0,1.0,3.0,18.0,25.0,2.0,,,600.0,3.0,VILLA SOL ALTA,1.0,0.0,1.0,2.0,0.0,0.0
374,51.0,0.0,0.0,0.0,1.0,,1.0,10.0,,1.0,2.0,,600.0,1.0,VILLA SOL ALTA,1.0,0.0,0.0,1.0,0.0,0.0
375,52.0,0.0,0.0,0.0,1.0,0.0,7.0,15.0,14.0,2.0,1.0,0.0,1000.0,4.0,VILLA SOL ALTA,0.0,1.0,2.0,4.0,5.0,0.0
376,53.0,0.0,0.0,0.0,1.0,0.0,3.0,15.0,20.0,1.0,2.0,0.0,850.0,3.0,VILLA SOL ALTA,0.0,1.0,1.0,2.0,1.0,0.0
377,54.0,0.0,0.0,0.0,1.0,0.0,3.0,18.0,22.0,1.0,1.0,0.0,600.0,3.0,VILLA SOL ALTA,0.0,1.0,2.0,1.0,2.0,0.0
378,55.0,0.0,0.0,0.0,1.0,0.0,5.0,18.0,22.0,1.0,2.0,0.0,800.0,5.0,VILLA SOL ALTA,0.0,1.0,2.0,3.0,4.0,0.0
379,611.0,0.0,0.0,0.0,1.0,1.0,5.0,18.0,20.0,1.0,2.0,1.0,200.0,1.0,UNION SANTA FE,0.0,1.0,2.0,3.0,4.0,0.0
380,612.0,0.0,0.0,0.0,1.0,0.0,3.0,19.0,25.0,1.0,2.0,2.0,450.0,1.0,UNION SANTA FE,0.0,1.0,3.0,1.0,2.0,0.0
381,613.0,0.0,1.0,0.0,1.0,1.0,6.0,19.0,22.0,1.0,2.0,1.0,500.0,1.0,PARCELA 23A,1.0,1.0,3.0,3.0,4.0,0.0
382,614.0,0.0,1.0,0.0,1.0,1.0,6.0,18.0,,1.0,1.0,0.0,400.0,,UNION SANTA FE,1.0,0.0,1.0,4.0,4.0,0.0
383,26.0,0.0,1.0,0.0,1.0,1.0,4.0,9.0,21.0,1.0,0.3,,600.0,2.0,PARCELA 23A,0.0,1.0,3.0,1.0,2.0,0.0
384,27.0,0.0,1.0,0.0,1.0,1.0,5.0,8.0,22.0,1.0,1.0,,800.0,1.0,PARCELA 23A,1.0,1.0,3.0,2.0,2.0,1.0
385,28.0,0.0,1.0,0.0,1.0,1.0,5.0,1.0,28.0,1.0,0.5,,400.0,,PARCELA 23A,1.0,1.0,4.0,1.0,3.0,0.0
386,29.0,0.0,1.0,0.0,1.0,0.0,6.0,8.0,34.0,3.0,,,900.0,1.0,PARCELA 23A,1.0,1.0,2.0,4.0,3.0,0.0
387,30.0,0.0,1.0,0.0,0.0,1.0,10.0,10.0,22.0,2.0,,,900.0,8.0,PARCELA 23A,1.0,1.0,2.0,5.0,5.0,0.0
388,31.0,0.0,1.0,0.0,1.0,1.0,5.0,22.0,20.0,1.0,1.0,2.0,90.0,2.0,PARCELA 23A,0.0,1.0,2.0,1.0,2.0,0.0
389,264.0,0.0,0.0,0.0,0.0,0.0,3.0,20.0,18.0,0.0,,,250.0,2.0,LAS AMERICAS,1.0,1.0,1.0,2.0,1.0,0.0
390,265.0,0.0,0.0,0.0,1.0,0.0,6.0,20.0,19.0,1.0,,,500.0,6.0,LAS AMERICAS,1.0,1.0,3.0,2.0,3.0,0.0
391,266.0,0.0,0.0,0.0,0.0,0.0,2.0,10.0,18.0,0.0,,,0.0,,LAS AMERICAS,0.0,1.0,2.0,0.0,0.0,0.0
392,267.0,0.0,0.0,0.0,1.0,0.0,7.0,12.0,26.0,1.0,,,800.0,0.0,LAS AMERICAS,1.0,1.0,2.0,5.0,5.0,0.0
393,268.0,0.0,0.0,0.0,0.0,0.0,2.0,20.0,15.0,1.0,0.2,,400.0,2.0,LAS AMERICAS,0.0,1.0,2.0,0.0,1.0,0.0
394,269.0,0.0,0.0,0.0,0.0,0.0,2.0,20.0,18.0,1.0,,,600.0,,LAS AMERICAS,0.0,1.0,2.0,0.0,0.0,0.0
395,270.0,0.0,0.0,0.0,0.0,0.0,1.0,20.0,18.0,,,,250.0,,LAS AMERICAS,0.0,1.0,1.0,0.0,0.0,0.0
396,184.0,0.0,0.0,0.0,1.0,1.0,6.0,18.0,24.0,1.0,0.0,8.0,200.0,4.0,COMEDOR: CRUZ DE MOTUPE,0.0,1.0,4.0,0.0,3.0,0.0
397,185.0,0.0,0.0,0.0,1.0,1.0,4.0,12.0,20.0,1.0,0.0,4.0,180.0,2.0,COMEDOR: CRUZ DE MOTUPE,1.0,1.0,2.0,2.0,2.0,0.0
398,186.0,0.0,0.0,0.0,1.0,0.0,7.0,28.0,19.0,2.0,2.0,3.0,0.0,5.0,COMEDOR: CRUZ DE MOTUPE,1.0,1.0,3.0,2.0,2.0,0.0
399,187.0,0.0,1.0,0.0,1.0,1.0,7.0,22.0,24.0,1.0,1.0,3.0,250.0,5.0,COMEDOR: CRUZ DE MOTUPE,1.0,1.0,1.0,4.0,2.0,0.0
400,188.0,1.0,0.0,0.0,1.0,0.0,5.0,3.0,18.0,1.0,0.0,0.0,500.0,4.0,COMEDOR: CRUZ DE MOTUPE,1.0,1.0,3.0,2.0,3.0,0.0
401,137.0,0.0,1.0,0.0,1.0,1.0,6.0,18.0,22.0,2.0,1.5,,600.0,,SENOR DE LOS MILAGROS,1.0,1.0,5.0,1.0,3.0,0.0
402,138.0,0.0,1.0,0.0,1.0,0.0,8.0,6.0,20.0,3.0,,,750.0,2.0,SENOR DE LOS MILAGROS,1.0,1.0,2.0,4.0,4.0,0.0
403,139.0,0.0,1.0,0.0,1.0,1.0,3.0,18.0,32.0,1.0,2.0,,400.0,2.0,SENOR DE LOS MILAGROS,0.0,1.0,2.0,1.0,2.0,0.0
404,140.0,0.0,1.0,0.0,1.0,1.0,5.0,18.0,18.0,1.0,1.5,3.0,470.0,1.0,SENOR DE LOS MILAGROS,0.0,1.0,3.0,2.0,3.0,0.0
405,141.0,,1.0,0.0,1.0,0.0,3.0,18.0,18.0,2.0,,,,,SENOR DE LOS MILAGROS,0.0,1.0,3.0,0.0,2.0,0.0
406,142.0,0.0,1.0,0.0,1.0,0.0,5.0,8.0,,,,,,,SENOR DE LOS MILAGROS,1.0,1.0,3.0,2.0,3.0,0.0
407,104.0,0.0,0.0,0.0,1.0,,3.0,20.0,15.0,1.0,1.5,,250.0,,NUEVA GENERACION,0.0,1.0,2.0,2.0,0.0,0.0
408,105.0,1.0,1.0,0.0,1.0,0.0,6.0,20.0,18.0,1.0,0.0,,800.0,4.0,NUEVA GENERACION,0.0,1.0,1.0,2.0,1.0,0.0
409,106.0,1.0,1.0,0.0,1.0,0.0,5.0,9.0,15.0,3.0,0.0,2.0,700.0,4.0,NUEVA GENERACION,0.0,1.0,2.0,1.0,2.0,0.0
410,107.0,1.0,1.0,0.0,1.0,0.0,7.0,8.0,35.0,1.0,0.5,,800.0,1.0,NUEVA GENERACION,1.0,1.0,4.0,3.0,4.0,1.0
411,156.0,0.0,1.0,0.0,1.0,0.0,6.0,18.0,17.0,1.0,1.0,3.0,800.0,0.0,GIRASOLES PARTE BAJA,0.0,1.0,5.0,1.0,5.0,0.0
412,157.0,0.0,0.0,0.0,1.0,1.0,6.0,18.0,20.0,1.0,0.0,2.0,600.0,0.0,GIRASOLES PARTE BAJA,1.0,1.0,2.0,4.0,4.0,0.0
413,158.0,0.0,1.0,0.0,1.0,0.0,5.0,12.0,20.0,1.0,1.0,0.0,930.0,4.0,GIRASOLES PARTE BAJA,1.0,1.0,1.0,1.0,0.0,0.0
414,159.0,0.0,1.0,0.0,1.0,0.0,3.0,6.0,18.0,1.0,1.0,0.0,500.0,0.0,GIRASOLES PARTE BAJA,0.0,1.0,1.0,2.0,2.0,0.0
415,160.0,0.0,1.0,0.0,1.0,0.0,5.0,18.0,19.0,1.0,0.0,2.0,700.0,0.0,GIRASOLES PARTE BAJA,1.0,1.0,3.0,2.0,3.0,0.0
416,161.0,0.0,1.0,0.0,1.0,0.0,6.0,15.0,17.0,1.0,,3.0,850.0,3.0,GIRASOLES PARTE BAJA,1.0,1.0,3.0,3.0,3.0,0.0
417,162.0,0.0,1.0,0.0,1.0,0.0,5.0,15.0,20.0,0.0,,2.0,600.0,3.0,GIRASOLES PARTE BAJA,0.0,1.0,4.0,1.0,4.0,0.0
418,163.0,0.0,1.0,0.0,1.0,1.0,3.0,7.0,28.0,1.0,20.0,2.0,600.0,2.0,GIRASOLES PARTE BAJA,0.0,1.0,1.0,2.0,2.0,0.0
419,258.0,0.0,1.0,0.0,1.0,0.0,5.0,18.0,22.0,1.0,1.0,6.0,600.0,2.0,LAS VIOLETAS,1.0,1.0,4.0,1.0,3.0,0.0
420,259.0,0.0,1.0,0.0,1.0,0.0,5.0,9.0,16.0,1.0,0.6,6.0,600.0,0.0,LAS VIOLETAS,1.0,1.0,3.0,2.0,3.0,0.0
421,260.0,0.0,1.0,0.0,1.0,0.0,9.0,19.0,18.0,1.0,0.7,,800.0,0.0,LAS VIOLETAS,1.0,1.0,2.0,1.0,1.0,0.0
422,261.0,,1.0,0.0,1.0,0.0,9.0,25.0,10.0,2.0,2.0,3.0,1000.0,2.0,LAS VIOLETAS,1.0,1.0,2.0,2.0,2.0,0.0
423,262.0,0.0,1.0,0.0,1.0,0.0,2.0,13.0,25.0,1.0,1.0,7.0,800.0,0.0,LAS VIOLETAS,1.0,0.0,0.0,2.0,1.0,0.0
424,263.0,0.0,1.0,0.0,1.0,0.0,3.0,18.0,18.0,1.0,1.0,3.0,50.0,3.0,LAS VIOLETAS,0.0,1.0,1.0,0.0,0.0,0.0
425,760.0,0.0,0.0,0.0,1.0,0.0,5.0,10.0,18.0,1.0,1.0,0.0,850.0,5.0,EL TREBOL SANTA TERESITA NIÌÔO JESUS,1.0,0.0,4.0,1.0,4.0,0.0
426,761.0,0.0,0.0,0.0,1.0,1.0,4.0,11.0,16.0,1.0,1.0,0.0,850.0,4.0,EL TREBOL SANTA TERESITA NIÌÔO JESUS,1.0,0.0,1.0,3.0,3.0,0.0
427,762.0,,1.0,0.0,1.0,0.0,6.0,20.0,18.0,1.0,1.0,1.0,950.0,6.0,EL TREBOL SANTA TERESITA NIÌÔO JESUS,1.0,1.0,1.0,6.0,4.0,1.0
428,763.0,0.0,0.0,0.0,1.0,0.0,4.0,12.0,19.0,1.0,2.0,0.0,850.0,4.0,EL TREBOL SANTA TERESITA NIÌÔO JESUS,0.0,1.0,2.0,2.0,3.0,0.0
429,764.0,0.0,0.0,0.0,1.0,0.0,5.0,10.0,19.0,1.0,1.0,0.0,850.0,5.0,EL TREBOL SANTA TERESITA NIÌÔO JESUS,1.0,1.0,4.0,1.0,3.0,0.0
430,715.0,0.0,0.0,0.0,1.0,0.0,5.0,3.0,19.0,2.0,1.0,0.0,950.0,3.0,LAS MORAS ZONAC,1.0,1.0,2.0,3.0,2.0,0.0
431,716.0,0.0,0.0,0.0,1.0,1.0,5.0,6.0,19.0,1.0,0.6,0.0,930.0,3.0,LAS MORAS ZONAC,1.0,1.0,3.0,2.0,2.0,0.0
432,717.0,0.0,0.0,0.0,1.0,1.0,5.0,13.0,29.0,1.0,1.0,1.0,980.0,2.0,LAS MORAS ZONAC,1.0,1.0,3.0,2.0,3.0,0.0
433,718.0,0.0,1.0,0.0,1.0,1.0,6.0,10.0,23.0,1.0,1.0,0.0,800.0,1.0,LAS MORAS ZONAC,0.0,1.0,2.0,4.0,5.0,0.0
434,719.0,0.0,1.0,0.0,1.0,0.0,6.0,8.0,16.0,2.0,1.0,0.0,900.0,3.0,LAS MORAS ZONAC,0.0,1.0,2.0,2.0,3.0,0.0
435,720.0,0.0,1.0,0.0,1.0,1.0,4.0,2.0,15.0,1.0,0.4,0.0,500.0,2.0,LOS VENCEDORES DE LA RINCONADA,0.0,1.0,2.0,2.0,3.0,0.0
436,721.0,0.0,1.0,0.0,1.0,1.0,7.0,3.0,18.0,1.0,1.75,0.0,850.0,4.0,LOS VENCEDORES DE LA RINCONADA,0.0,1.0,3.0,3.0,5.0,0.0
437,722.0,0.0,1.0,0.0,1.0,1.0,7.0,4.0,26.0,1.0,1.0,0.0,850.0,5.0,LOS VENCEDORES DE LA RINCONADA,0.0,1.0,6.0,0.0,5.0,0.0
438,723.0,0.0,1.0,0.0,1.0,0.0,6.0,3.0,15.0,1.0,2.0,0.0,750.0,1.0,LOS VENCEDORES DE LA RINCONADA,1.0,1.0,4.0,2.0,4.0,0.0
439,724.0,0.0,1.0,0.0,1.0,1.0,6.0,5.0,22.0,1.0,0.5,0.0,480.0,3.0,LOS VENCEDORES DE LA RINCONADA,1.0,1.0,3.0,2.0,3.0,0.0
440,197.0,0.0,1.0,0.0,1.0,1.0,5.0,2.0,23.0,1.0,0.75,2.0,480.0,2.0,LA RINCONADA,0.0,1.0,3.0,3.0,3.0,2.0
441,198.0,0.0,1.0,0.0,1.0,1.0,5.0,22.0,19.0,1.0,1.5,3.0,50.0,2.0,LA RINCONADA,0.0,1.0,4.0,1.0,4.0,0.0
442,199.0,0.0,1.0,0.0,1.0,0.0,4.0,25.0,33.0,1.0,1.0,1.0,600.0,2.0,LA RINCONADA,0.0,1.0,3.0,2.0,3.0,1.0
443,200.0,0.0,1.0,0.0,1.0,1.0,6.0,3.0,26.0,7.0,1.5,2.0,520.0,2.0,LA RINCONADA,1.0,1.0,3.0,3.0,3.0,1.0
444,201.0,0.0,1.0,0.0,1.0,1.0,4.0,30.0,20.0,1.0,0.5,1.0,60.0,4.0,LA RINCONADA,0.0,1.0,2.0,2.0,2.0,0.0
445,686.0,1.0,1.0,0.0,1.0,0.0,5.0,35.0,27.0,2.0,,,,,REPUBLICA DEMOCRATICA ALEMANA,1.0,1.0,2.0,3.0,2.0,0.0
446,683.0,1.0,1.0,0.0,0.0,1.0,4.0,,,,,,,,REPUBLICA DEMOCRATICA ALEMANA,0.0,1.0,1.0,3.0,2.0,0.0
447,685.0,1.0,1.0,0.0,0.0,0.0,3.0,,,,,,,,REPUBLICA DEMOCRATICA ALEMANA,0.0,1.0,2.0,0.0,1.0,0.0
448,684.0,1.0,1.0,0.0,1.0,0.0,5.0,,,,,,,,JAVIER HERAU,0.0,1.0,2.0,2.0,2.0,0.0
449,674.0,0.0,0.0,0.0,1.0,0.0,5.0,35.0,32.0,1.0,,0.0,475.0,5.0,PAMPAS DE SAN JUAN,1.0,1.0,2.0,2.0,1.0,0.0
450,675.0,0.0,0.0,0.0,1.0,1.0,10.0,35.0,17.0,2.0,,2.0,900.0,0.0,PAMPAS DE SAN JUAN,1.0,1.0,3.0,3.0,4.0,0.0
451,676.0,0.0,0.0,0.0,1.0,0.0,8.0,25.0,18.0,2.0,0.0,8.0,1000.0,4.0,PAMPAS DE SAN JUAN,0.0,1.0,2.0,3.0,4.0,0.0
452,677.0,0.0,0.0,0.0,1.0,0.0,7.0,36.0,27.0,1.0,,,860.0,6.0,PAMPAS DE SAN JUAN,0.0,1.0,2.0,1.0,2.0,0.0
453,609.0,0.0,,0.0,1.0,,4.0,31.0,16.0,1.0,1.0,3.0,930.0,1.0,MANUEL SCORZA,1.0,1.0,2.0,1.0,1.0,0.0
454,608.0,0.0,,0.0,1.0,0.0,3.0,15.0,21.0,1.0,1.0,,930.0,1.0,MANUEL SCORZA,1.0,1.0,1.0,2.0,1.0,0.0
455,607.0,0.0,,0.0,1.0,0.0,3.0,30.0,18.0,1.0,1.0,,930.0,3.0,MANUEL SCORZA,0.0,1.0,3.0,0.0,1.0,1.0
456,606.0,0.0,,0.0,1.0,0.0,3.0,7.0,23.0,1.0,0.65,,930.0,2.0,MANUEL SCORZA,1.0,1.0,1.0,2.0,1.0,0.0
457,610.0,0.0,,0.0,1.0,,3.0,29.0,,1.0,2.0,,,2.0,MANUEL SCORZA,1.0,1.0,1.0,2.0,0.0,0.0
458,363.0,0.0,0.0,0.0,1.0,1.0,4.0,5.0,30.0,1.0,2.0,3.0,350.0,2.0,URANMARCA,0.0,1.0,1.0,3.0,1.0,0.0
459,364.0,0.0,0.0,0.0,1.0,1.0,8.0,7.0,18.0,1.0,2.0,0.0,500.0,3.0,URANMARCA,0.0,1.0,3.0,2.0,3.0,0.0
460,365.0,0.0,0.0,0.0,1.0,1.0,2.0,4.0,20.0,1.0,1.0,0.0,450.0,1.0,URANMARCA,0.0,1.0,2.0,0.0,1.0,0.0
461,366.0,0.0,0.0,0.0,1.0,1.0,3.0,3.0,22.0,1.0,2.0,2.0,280.0,2.0,URANMARCA,0.0,1.0,1.0,2.0,2.0,0.0
462,367.0,0.0,0.0,0.0,1.0,1.0,3.0,4.0,28.0,1.0,0.5,0.0,100.0,3.0,URANMARCA,0.0,1.0,2.0,1.0,0.0,1.0
463,368.0,0.0,0.0,0.0,1.0,1.0,6.0,10.0,18.0,1.0,2.0,0.0,400.0,0.0,URANMARCA,0.0,1.0,3.0,0.0,2.0,0.0
464,369.0,0.0,0.0,0.0,1.0,1.0,5.0,4.0,17.0,1.0,2.0,0.0,300.0,2.0,URANMARCA,0.0,1.0,2.0,3.0,3.0,0.0
465,384.0,0.0,1.0,0.0,1.0,0.0,7.0,5.0,,1.0,1.0,,600.0,5.0,URANMARCA,0.0,1.0,2.0,2.0,0.0,1.0
466,383.0,0.0,1.0,0.0,1.0,0.0,9.0,35.0,22.0,2.0,,0.0,750.0,1.0,SANTA URSULA,1.0,1.0,5.0,2.0,2.0,0.0
467,382.0,0.0,0.0,0.0,0.0,0.0,6.0,22.0,17.0,,,,,,SANTA URSULA,0.0,1.0,2.0,2.0,3.0,0.0
468,381.0,0.0,0.0,0.0,1.0,0.0,3.0,30.0,19.0,1.0,,,600.0,2.0,SANTA URSULA,1.0,1.0,2.0,2.0,1.0,0.0
469,380.0,0.0,0.0,,1.0,1.0,3.0,8.0,24.0,1.0,0.65,0.0,450.0,3.0,SANTA URSULA,0.0,1.0,2.0,0.0,1.0,0.0
470,616.0,0.0,,0.0,1.0,0.0,4.0,30.0,35.0,2.0,0.65,4.0,950.0,4.0,PROGRAMA MUNICIPAL DE V. UNICA,0.0,1.0,1.0,0.0,0.0,0.0
471,615.0,0.0,,0.0,1.0,0.0,5.0,18.0,21.0,1.0,1.0,,950.0,5.0,PROGRAMA MUNICIPAL DE V. UNICA,0.0,1.0,1.0,0.0,0.0,0.0
472,617.0,0.0,,0.0,1.0,,5.0,18.0,45.0,1.0,0.0,0.0,930.0,0.0,PROGRAMA MUNICIPAL DE V. UNICA,0.0,1.0,1.0,0.0,0.0,0.0
473,678.0,0.0,1.0,0.0,1.0,0.0,7.0,33.0,30.0,1.0,5.0,1.0,600.0,1.0,REPUBLICA DEMOCRATICA ALEMANA,1.0,1.0,3.0,5.0,4.0,0.0
474,679.0,0.0,1.0,0.0,1.0,0.0,7.0,20.0,34.0,1.0,1.0,,700.0,1.0,REPUBLICA DEMOCRATICA ALEMANA,0.0,1.0,4.0,3.0,4.0,0.0
475,680.0,0.0,1.0,0.0,1.0,0.0,6.0,7.0,22.0,1.0,1.0,0.0,700.0,1.0,REPUBLICA DEMOCRATICA ALEMANA,1.0,1.0,3.0,3.0,4.0,0.0
476,681.0,0.0,1.0,0.0,1.0,0.0,6.0,20.0,22.0,1.0,0.65,0.0,500.0,3.0,REPUBLICA DEMOCRATICA ALEMANA,1.0,1.0,4.0,2.0,3.0,0.0
477,682.0,0.0,1.0,0.0,1.0,0.0,8.0,30.0,20.0,1.0,5.0,1.0,500.0,1.0,REPUBLICA DEMOCRATICA ALEMANA,0.0,1.0,5.0,3.0,5.0,0.0
478,390.0,0.0,1.0,0.0,1.0,0.0,4.0,1.0,18.0,1.0,1.0,1.0,600.0,4.0,PROGRAMA MUNICIPAL DE V. UNICA,0.0,1.0,2.0,2.0,3.0,0.0
479,391.0,0.0,1.0,0.0,1.0,0.0,5.0,30.0,32.0,1.0,2.0,1.0,950.0,5.0,PROGRAMA MUNICIPAL DE V. UNICA,1.0,0.0,2.0,3.0,3.0,0.0
480,392.0,0.0,1.0,0.0,1.0,0.0,6.0,2.0,22.0,1.0,1.0,4.0,800.0,6.0,PROGRAMA MUNICIPAL DE V. UNICA,1.0,1.0,1.0,5.0,4.0,0.0
481,393.0,0.0,1.0,0.0,1.0,0.0,6.0,14.0,24.0,1.0,1.0,1.0,950.0,2.0,PROGRAMA MUNICIPAL DE V. UNICA,1.0,1.0,3.0,3.0,4.0,0.0
482,394.0,0.0,1.0,0.0,1.0,0.0,8.0,3.0,23.0,1.0,3.0,1.0,1000.0,5.0,PROGRAMA MUNICIPAL DE V. UNICA,1.0,0.0,5.0,2.0,5.0,0.0
483,395.0,0.0,1.0,0.0,1.0,0.0,6.0,34.0,20.0,1.0,2.0,1.0,600.0,2.0,PROGRAMA MUNICIPAL DE V. UNICA,0.0,1.0,2.0,2.0,3.0,0.0
484,396.0,0.0,1.0,0.0,1.0,0.0,5.0,7.0,22.0,1.0,2.0,1.0,800.0,2.0,PROGRAMA MUNICIPAL DE V. UNICA,1.0,1.0,3.0,2.0,3.0,0.0
485,346.0,0.0,1.0,0.0,1.0,0.0,6.0,3.0,16.0,1.0,0.2,0.0,1000.0,5.0,LOS PORTALES,1.0,1.0,3.0,3.0,3.0,0.0
486,347.0,0.0,0.0,0.0,1.0,0.0,8.0,15.0,17.0,3.0,,,1250.0,8.0,LOS PORTALES,0.0,1.0,2.0,1.0,2.0,0.0
487,348.0,0.0,1.0,0.0,1.0,0.0,4.0,28.0,21.0,1.0,1.5,0.0,780.0,0.0,LOS PORTALES,1.0,1.0,2.0,3.0,1.0,0.0
488,349.0,0.0,0.0,0.0,1.0,0.0,8.0,25.0,17.0,1.0,,0.0,,6.0,LOS PORTALES,0.0,1.0,4.0,2.0,3.0,2.0
489,350.0,0.0,1.0,0.0,1.0,0.0,5.0,30.0,24.0,1.0,2.0,0.0,,5.0,LOS PORTALES,1.0,1.0,3.0,2.0,2.0,0.0
490,351.0,0.0,1.0,0.0,0.0,0.0,3.0,4.0,20.0,1.0,1.0,0.0,850.0,0.0,LOS PORTALES,0.0,1.0,2.0,0.0,1.0,0.0
491,352.0,0.0,1.0,0.0,1.0,0.0,5.0,30.0,23.0,1.0,,0.0,500.0,5.0,LOS PORTALES,1.0,1.0,1.0,1.0,0.0,0.0
492,601.0,0.0,1.0,0.0,1.0,0.0,7.0,32.0,31.0,2.0,1.0,2.0,700.0,5.0,LADREAS DE VILLA,1.0,1.0,3.0,2.0,3.0,0.0
493,602.0,0.0,1.0,0.0,1.0,1.0,6.0,13.0,13.0,1.0,1.0,2.0,800.0,5.0,LADREAS DE VILLA,0.0,1.0,5.0,1.0,5.0,0.0
494,603.0,0.0,1.0,0.0,1.0,1.0,6.0,28.0,26.0,2.0,3.0,2.0,600.0,6.0,LADREAS DE VILLA,1.0,1.0,3.0,3.0,2.0,1.0
495,604.0,0.0,1.0,0.0,1.0,1.0,8.0,35.0,15.0,2.0,0.5,1.0,600.0,8.0,LADREAS DE VILLA,1.0,1.0,5.0,2.0,5.0,0.0
496,605.0,0.0,1.0,0.0,1.0,1.0,5.0,28.0,21.0,2.0,1.0,2.0,280.0,5.0,LADREAS DE VILLA,1.0,1.0,1.0,5.0,3.0,0.0
497,353.0,0.0,1.0,0.0,1.0,0.0,8.0,6.0,16.0,1.0,,3.0,,6.0,LAS TORRES,1.0,1.0,3.0,3.0,4.0,0.0
498,354.0,0.0,1.0,0.0,1.0,0.0,4.0,3.0,23.0,1.0,,,,1.0,REPUBLICA AMPLEACION ALEMANA,1.0,1.0,1.0,3.0,2.0,0.0
499,355.0,0.0,1.0,0.0,1.0,0.0,3.0,20.0,21.0,1.0,,,200.0,3.0,LAS TORRES,0.0,1.0,2.0,0.0,0.0,0.0
500,356.0,0.0,1.0,0.0,1.0,0.0,1.0,20.0,20.0,,,,,1.0,LAS TORRES,0.0,1.0,1.0,0.0,0.0,0.0
501,357.0,0.0,1.0,0.0,1.0,0.0,4.0,9.0,20.0,1.0,,1.0,,,MANUEL SCORZA,1.0,1.0,2.0,2.0,2.0,0.0
502,358.0,0.0,1.0,0.0,1.0,0.0,5.0,13.0,21.0,1.0,,2.0,,2.0,REPUBLICA AMPLEACION ALEMANA,1.0,1.0,3.0,2.0,3.0,0.0
503,359.0,0.0,1.0,0.0,1.0,0.0,5.0,20.0,20.0,1.0,,2.0,,2.0,REPUBLICA AMPLEACION ALEMANA,1.0,1.0,1.0,6.0,4.0,0.0
504,360.0,0.0,1.0,0.0,1.0,0.0,6.0,28.0,20.0,1.0,,1.2,,4.0,LAS TORRES,1.0,1.0,1.0,5.0,4.0,0.0
